ts,symbol,side_hint,tp_ticks,sl_ticks,last,best_bid,best_ask,bid_qty,ask_qty,spread,imbalance,microprice,vwap,sma25,macd,macd_sig,rsi14,ask_sum_L5,bid_sum_L5,ask_slope_L5,bid_slope_L5,tick_size,mom_0p3s,mom_1p0s,mom_3p0s,pushes_per_min
2025-08-27T15:01:05,7203,,3,2,2896.0,2896.0,2895.5,9600.0,2000.0,-0.5,0.6551724137931034,2895.5862068965516,2896.781884057971,,,,,71700.0,59800.0,-3600.0,7000.0,0.5,0.0,0.0,0.0,133.0
2025-08-27T15:01:06,7203,,3,2,2896.0,2896.0,2895.5,10000.0,2000.0,-0.5,0.6666666666666666,2895.5833333333335,2896.781884057971,,,,,72700.0,59800.0,-2600.0,7300.0,0.5,0.0,0.0,0.0,134.0
2025-08-27T15:01:06,7203,,3,2,2896.0,2896.0,2895.5,9700.0,1800.0,-0.5,0.6869565217391305,2895.5782608695654,2896.781884057971,,,,,72700.0,60200.0,-2600.0,7500.0,0.5,0.0,0.0,0.0,135.0
2025-08-27T15:01:06,7203,,3,2,2896.0,2896.0,2895.5,9700.0,1800.0,-0.5,0.6869565217391305,2895.5782608695654,2896.781884057971,,,,,72700.0,60200.0,-2600.0,7500.0,0.5,0.0,0.0,0.0,136.0
2025-08-27T15:01:07,7203,,3,2,2896.0,2896.0,2895.5,10800.0,1700.0,-0.5,0.728,2895.568,2896.781884057971,,,,,72600.0,60000.0,-2700.0,7600.0,0.5,0.0,0.0,0.0,137.0
2025-08-27T15:01:07,7203,,3,2,2896.0,2896.0,2895.5,10800.0,1700.0,-0.5,0.728,2895.568,2896.781884057971,,,,,73600.0,60000.0,-3700.0,7600.0,0.5,0.0,0.0,0.0,138.0
2025-08-27T15:01:08,7203,,3,2,2896.0,2896.0,2895.5,11500.0,1700.0,-0.5,0.7424242424242424,2895.564393939394,2896.781884057971,,,,,73000.0,60100.0,-4300.0,7600.0,0.5,0.0,0.0,0.0,139.0
2025-08-27T15:01:09,7203,,3,2,2896.0,2896.0,2895.5,11600.0,1700.0,-0.5,0.7443609022556391,2895.563909774436,2896.781884057971,,,,,73000.0,60100.0,-4300.0,7600.0,0.5,0.0,0.0,0.0,140.0
2025-08-27T15:01:15,7203,,3,2,2895.5,2896.0,2895.5,11900.0,2400.0,-0.5,0.6643356643356644,2895.583916083916,2896.769010043042,,,,,73000.0,59700.0,-4300.0,6900.0,0.5,0.0,0.0,0.0,136.0
2025-08-27T15:01:16,7203,,3,2,2895.5,2896.0,2895.5,11000.0,2400.0,-0.5,0.6417910447761194,2895.589552238806,2896.769010043042,,,,,73000.0,59700.0,-4300.0,6900.0,0.5,0.0,-0.5,-0.5,136.0
2025-08-27T15:01:16,7203,,3,2,2895.5,2896.0,2895.5,11000.0,2500.0,-0.5,0.6296296296296297,2895.5925925925926,2896.769010043042,,,,,72000.0,59800.0,-3300.0,6800.0,0.5,0.0,-0.5,-0.5,136.0
2025-08-27T15:01:17,7203,,3,2,2895.5,2896.0,2895.5,10800.0,8400.0,-0.5,0.125,2895.71875,2896.7671919770773,,,,,72000.0,65700.0,-3300.0,900.0,0.5,0.0,0.0,-0.5,136.0
2025-08-27T15:01:17,7203,,3,2,2895.5,2896.0,2895.5,10800.0,8400.0,-0.5,0.125,2895.71875,2896.7671919770773,,,,,72000.0,65700.0,-3300.0,900.0,0.5,0.0,0.0,-0.5,137.0
2025-08-27T15:01:18,7203,,3,2,2895.5,2896.0,2895.5,11100.0,8400.0,-0.5,0.13846153846153847,2895.7153846153847,2896.7671919770773,,,,,72100.0,65700.0,-3300.0,900.0,0.5,0.0,0.0,-0.5,137.0
2025-08-27T15:01:18,7203,,3,2,2895.5,2896.0,2895.5,11100.0,8400.0,-0.5,0.13846153846153847,2895.7153846153847,2896.7653791130188,,,,,72100.0,65700.0,-3300.0,900.0,0.5,0.0,0.0,-0.5,137.0
2025-08-27T15:01:18,7203,,3,2,2895.5,2896.0,2895.5,11100.0,8300.0,-0.5,0.14432989690721648,2895.713917525773,2896.7653791130188,,,,,72100.0,65600.0,-3300.0,1000.0,0.5,0.0,0.0,-0.5,138.0
2025-08-27T15:01:19,7203,,3,2,2895.5,2896.0,2895.5,11200.0,8300.0,-0.5,0.14871794871794872,2895.7128205128206,2896.7653791130188,,,,,72100.0,65600.0,-3300.0,1000.0,0.5,0.0,0.0,0.0,138.0
2025-08-27T15:01:19,7203,,3,2,2895.5,2896.0,2895.5,11400.0,8400.0,-0.5,0.15151515151515152,2895.712121212121,2896.7653791130188,,,,,72100.0,65700.0,-3300.0,900.0,0.5,0.0,0.0,0.0,138.0
2025-08-27T15:01:20,7203,,3,2,2895.5,2896.0,2895.5,11400.0,8300.0,-0.5,0.15736040609137056,2895.710659898477,2896.7653791130188,,,,,72100.0,65600.0,-3300.0,1000.0,0.5,0.0,0.0,0.0,138.0
2025-08-27T15:01:20,7203,,3,2,2895.5,2896.0,2895.5,11400.0,8300.0,-0.5,0.15736040609137056,2895.710659898477,2896.7653791130188,,,,,72100.0,65600.0,-3300.0,1000.0,0.5,0.0,0.0,0.0,137.0
2025-08-27T15:01:20,7203,,3,2,2895.5,2896.0,2895.5,11400.0,8300.0,-0.5,0.15736040609137056,2895.710659898477,2896.761768901569,,,,,72100.0,65600.0,-3300.0,1000.0,0.5,0.0,0.0,0.0,137.0
2025-08-27T15:01:20,7203,,3,2,2895.5,2896.0,2895.5,11100.0,8100.0,-0.5,0.15625,2895.7109375,2896.761768901569,,,,,72100.0,65400.0,-3300.0,1200.0,0.5,0.0,0.0,0.0,138.0
2025-08-27T15:01:21,7203,,3,2,2895.5,2896.0,2895.5,10600.0,8100.0,-0.5,0.13368983957219252,2895.7165775401068,2896.761768901569,,,,,71600.0,65400.0,-3300.0,1200.0,0.5,0.0,0.0,0.0,138.0
2025-08-27T15:01:21,7203,,3,2,2895.5,2896.0,2895.5,11700.0,8100.0,-0.5,0.18181818181818182,2895.7045454545455,2896.761768901569,,,,,71600.0,65400.0,-3300.0,1200.0,0.5,0.0,0.0,0.0,137.0
2025-08-27T15:01:22,7203,,3,2,2895.5,2896.0,2895.5,11700.0,8100.0,-0.5,0.18181818181818182,2895.7045454545455,2896.631074168798,,,,,71600.0,65400.0,-3300.0,1200.0,0.5,0.0,0.0,0.0,138.0
2025-08-27T15:01:22,7203,,3,2,2895.5,2896.0,2895.5,11700.0,8100.0,-0.5,0.18181818181818182,2895.7045454545455,2896.6296296296296,,,,,71600.0,65400.0,-3300.0,1200.0,0.5,0.0,0.0,0.0,139.0
2025-08-27T15:01:22,7203,,3,2,2895.5,2896.0,2895.5,11700.0,8100.0,-0.5,0.18181818181818182,2895.7045454545455,2896.6281887755104,,,,,71600.0,65400.0,-3300.0,1200.0,0.5,0.0,0.0,0.0,139.0
2025-08-27T15:01:22,7203,,3,2,2895.5,2896.0,2895.5,13500.0,200.0,-0.5,0.9708029197080292,2895.507299270073,2896.6281887755104,,,,,70300.0,59300.0,-2000.0,9100.0,0.5,0.0,0.0,0.0,140.0
2025-08-27T15:01:22,7203,,3,2,2895.5,2896.0,2895.5,11300.0,5100.0,-0.5,0.3780487804878049,2895.6554878048782,2896.6281887755104,,,,,70300.0,64200.0,-2000.0,4200.0,0.5,0.0,0.0,0.0,140.0
2025-08-27T15:01:23,7203,,3,2,2895.5,2896.0,2895.5,8800.0,6200.0,-0.5,0.17333333333333334,2895.7066666666665,2896.6281887755104,,,,,70300.0,65300.0,-2000.0,3100.0,0.5,0.0,0.0,0.0,141.0
2025-08-27T15:01:23,7203,,3,2,2895.5,2896.0,2895.5,8900.0,6200.0,-0.5,0.17880794701986755,2895.705298013245,2896.6281887755104,,,,,70300.0,65400.0,-2000.0,3100.0,0.5,0.0,0.0,0.0,141.0
2025-08-27T15:01:24,7203,,3,2,2895.5,2896.0,2895.5,8900.0,6200.0,-0.5,0.17880794701986755,2895.705298013245,2896.6281887755104,,,,,70300.0,65900.0,-2000.0,3100.0,0.5,0.0,0.0,0.0,142.0
2025-08-27T15:01:24,7203,,3,2,2895.5,2896.0,2895.5,9000.0,6200.0,-0.5,0.18421052631578946,2895.7039473684213,2896.6281887755104,,,,,70300.0,65900.0,-2000.0,3100.0,0.5,0.0,0.0,0.0,140.0
2025-08-27T15:01:24,7203,,3,2,2895.5,2896.0,2895.5,12800.0,2600.0,-0.5,0.6623376623376623,2895.5844155844156,2896.6281887755104,,,,,70300.0,62300.0,-2000.0,6700.0,0.5,0.0,0.0,0.0,140.0
2025-08-27T15:01:26,7203,,3,2,2895.5,2896.0,2895.5,12800.0,2700.0,-0.5,0.6516129032258065,2895.5870967741935,2896.6281887755104,,,,,70300.0,62400.0,-2000.0,6600.0,0.5,0.0,0.0,0.0,139.0
2025-08-27T15:01:26,7203,,3,2,2895.5,2896.0,2895.5,12900.0,2800.0,-0.5,0.643312101910828,2895.5891719745223,2896.6281887755104,,,,,70300.0,62500.0,-2000.0,6500.0,0.5,0.0,0.0,0.0,139.0
2025-08-27T15:01:26,7203,,3,2,2895.5,2896.0,2895.5,12900.0,2800.0,-0.5,0.643312101910828,2895.5891719745223,2896.6281887755104,,,,,70400.0,62500.0,-2100.0,6500.0,0.5,0.0,0.0,0.0,139.0
2025-08-27T15:01:27,7203,,3,2,2895.5,2896.0,2895.5,12900.0,2800.0,-0.5,0.643312101910828,2895.5891719745223,2896.6196202531646,,,,,70400.0,62500.0,-2100.0,6500.0,0.5,0.0,0.0,0.0,140.0
2025-08-27T15:01:27,7203,,3,2,2895.5,2896.0,2895.5,12900.0,2800.0,-0.5,0.643312101910828,2895.5891719745223,2896.6196202531646,,,,,70400.0,62500.0,-2100.0,6500.0,0.5,0.0,0.0,0.0,140.0
2025-08-27T15:01:27,7203,,3,2,2895.5,2896.0,2895.5,9000.0,6200.0,-0.5,0.18421052631578946,2895.7039473684213,2896.6196202531646,,,,,70400.0,66300.0,-2100.0,3100.0,0.5,0.0,0.0,0.0,141.0
2025-08-27T15:01:27,7203,,3,2,2895.5,2896.0,2895.5,9000.0,6100.0,-0.5,0.19205298013245034,2895.701986754967,2896.6196202531646,,,,,70400.0,66200.0,-2100.0,3200.0,0.5,0.0,0.0,0.0,142.0
2025-08-27T15:01:28,7203,,3,2,2895.5,2896.0,2895.5,9000.0,6100.0,-0.5,0.19205298013245034,2895.701986754967,2896.6196202531646,,,,,70400.0,66200.0,-2100.0,3200.0,0.5,0.0,0.0,0.0,143.0
2025-08-27T15:01:28,7203,,3,2,2895.5,2896.0,2895.5,9000.0,6100.0,-0.5,0.19205298013245034,2895.701986754967,2896.6196202531646,,,,,70400.0,66200.0,-2100.0,3200.0,0.5,0.0,0.0,0.0,144.0
2025-08-27T15:01:29,7203,,3,2,2895.5,2896.0,2895.5,9000.0,6200.0,-0.5,0.18421052631578946,2895.7039473684213,2896.6196202531646,,,,,70400.0,66200.0,-2100.0,3100.0,0.5,0.0,0.0,0.0,143.0
2025-08-27T15:01:29,7203,,3,2,2895.5,2896.0,2895.5,9000.0,6300.0,-0.5,0.17647058823529413,2895.705882352941,2896.6196202531646,,,,,70400.0,66300.0,-2100.0,3000.0,0.5,0.0,0.0,0.0,143.0
2025-08-27T15:01:29,7203,,3,2,2896.0,2896.0,2895.5,9000.0,6300.0,-0.5,0.17647058823529413,2895.705882352941,2896.55625,,,,,70400.0,66300.0,-2100.0,3000.0,0.5,0.0,0.0,0.0,143.0
2025-08-27T15:01:29,7203,,3,2,2896.0,2896.5,2896.0,5300.0,7000.0,-0.5,-0.13821138211382114,2896.2845528455287,2896.55625,,,,,71700.0,73800.0,-4200.0,7900.0,0.5,0.5,0.5,0.5,144.0
2025-08-27T15:01:30,7203,,3,2,2896.0,2896.5,2896.0,5300.0,7000.0,-0.5,-0.13821138211382114,2896.2845528455287,2896.55625,,,,,71700.0,73800.0,-4200.0,7900.0,0.5,0.5,0.5,0.5,145.0
2025-08-27T15:01:30,7203,,3,2,2896.0,2896.5,2896.0,9100.0,1700.0,-0.5,0.6851851851851852,2896.078703703704,2896.55625,,,,,73700.0,68300.0,-4200.0,13200.0,0.5,0.0,0.5,0.5,145.0
2025-08-27T15:01:30,7203,,3,2,2896.0,2896.5,2896.0,9200.0,100.0,-0.5,0.978494623655914,2896.005376344086,2896.55625,,,,,73700.0,66700.0,-4200.0,14800.0,0.5,0.0,0.5,0.5,145.0
2025-08-27T15:01:31,7203,,3,2,2896.0,2896.5,2896.0,8100.0,3500.0,-0.5,0.39655172413793105,2896.1508620689656,2896.55625,,,,,72700.0,70100.0,-3200.0,11400.0,0.5,0.0,0.0,0.5,145.0
2025-08-27T15:01:31,7203,,3,2,2896.0,2896.5,2896.0,8100.0,3500.0,-0.5,0.39655172413793105,2896.1508620689656,2896.55561861521,,,,,72700.0,70100.0,-3200.0,11400.0,0.5,0.0,0.0,0.5,146.0
2025-08-27T15:01:31,7203,,3,2,2896.0,2896.5,2896.0,9300.0,300.0,-0.5,0.9375,2896.015625,2896.55561861521,,,,,72700.0,66900.0,-3200.0,14600.0,0.5,0.0,0.0,0.5,146.0
2025-08-27T15:01:32,7203,,3,2,2896.0,2896.5,2896.0,9300.0,900.0,-0.5,0.8235294117647058,2896.044117647059,2896.55561861521,,,,,72700.0,67500.0,-3200.0,14000.0,0.5,0.0,0.0,0.5,146.0
2025-08-27T15:01:32,7203,,3,2,2896.0,2896.5,2896.0,9300.0,900.0,-0.5,0.8235294117647058,2896.044117647059,2896.55561861521,,,,,72700.0,67500.0,-3200.0,14000.0,0.5,0.0,0.0,0.5,144.0
2025-08-27T15:01:33,7203,,3,2,2896.0,2896.5,2896.0,9300.0,2900.0,-0.5,0.5245901639344263,2896.1188524590166,2896.55561861521,,,,,72700.0,69500.0,-3200.0,12000.0,0.5,0.0,0.0,0.0,143.0
2025-08-27T15:01:33,7203,,3,2,2896.0,2896.5,2896.0,9300.0,2100.0,-0.5,0.631578947368421,2896.092105263158,2896.55561861521,,,,,72700.0,68700.0,-3200.0,12800.0,0.5,0.0,0.0,0.0,144.0
2025-08-27T15:01:34,7203,,3,2,2896.0,2896.5,2896.0,9300.0,2100.0,-0.5,0.631578947368421,2896.092105263158,2896.5549886621316,,,,,72700.0,68700.0,-3200.0,12800.0,0.5,0.0,0.0,0.0,143.0
2025-08-27T15:01:34,7203,,3,2,2896.0,2896.5,2896.0,9300.0,800.0,-0.5,0.8415841584158416,2896.039603960396,2896.5549886621316,,,,,72700.0,67400.0,-3200.0,14100.0,0.5,0.0,0.0,0.0,143.0
2025-08-27T15:01:34,7203,,3,2,2896.0,2896.5,2896.0,7500.0,3400.0,-0.5,0.3761467889908257,2896.1559633027523,2896.5549886621316,,,,,72700.0,70000.0,-3200.0,11500.0,0.5,0.0,0.0,0.0,141.0
2025-08-27T15:01:34,7203,,3,2,2896.5,2896.5,2896.0,7500.0,3400.0,-0.5,0.3761467889908257,2896.1559633027523,2896.551540913921,,,,,72700.0,70000.0,-3200.0,11500.0,0.5,0.0,0.0,0.0,142.0
2025-08-27T15:01:34,7203,,3,2,2896.5,2896.5,2896.0,7500.0,3400.0,-0.5,0.3761467889908257,2896.1559633027523,2896.551540913921,,,,,72700.0,70000.0,-3200.0,11500.0,0.5,0.5,0.5,0.5,143.0
2025-08-27T15:01:35,7203,,3,2,2897.0,2896.5,2896.0,7500.0,3400.0,-0.5,0.3761467889908257,2896.1559633027523,2896.552016985138,,,,,72700.0,70000.0,-3200.0,11500.0,0.5,0.5,0.5,0.5,143.0
2025-08-27T15:01:35,7203,,3,2,2897.0,2897.0,2896.0,8700.0,9300.0,-1.0,-0.03333333333333333,2896.516666666667,2896.552016985138,,,,,70400.0,74700.0,400.0,4500.0,0.5,1.0,1.0,1.0,144.0
2025-08-27T15:01:35,7203,,3,2,2897.0,2897.0,2896.0,8700.0,9300.0,-1.0,-0.03333333333333333,2896.516666666667,2896.552016985138,,,,,70400.0,74700.0,400.0,4500.0,0.5,0.5,1.0,1.0,145.0
2025-08-27T15:01:35,7203,,3,2,2897.0,2897.0,2896.0,8700.0,9500.0,-1.0,-0.04395604395604396,2896.521978021978,2896.552016985138,,,,,70500.0,74900.0,400.0,4300.0,0.5,0.0,1.0,1.0,145.0
2025-08-27T15:01:35,7203,,3,2,2896.5,2897.0,2896.0,8700.0,9500.0,-1.0,-0.04395604395604396,2896.521978021978,2896.5516877637133,,,,,70500.0,74900.0,400.0,4300.0,0.5,0.0,1.0,1.0,146.0
2025-08-27T15:01:35,7203,,3,2,2896.5,2897.0,2896.0,8700.0,9500.0,-1.0,-0.04395604395604396,2896.521978021978,2896.551633298209,,,,,70500.0,74900.0,400.0,4300.0,0.5,-0.5,0.5,0.5,147.0
2025-08-27T15:01:35,7203,,3,2,2896.5,2897.0,2896.0,8700.0,9500.0,-1.0,-0.04395604395604396,2896.521978021978,2896.551633298209,,,,,70500.0,74900.0,400.0,4300.0,0.5,-0.5,0.5,0.5,148.0
2025-08-27T15:01:35,7203,,3,2,2896.5,2897.0,2896.5,8000.0,1700.0,-0.5,0.6494845360824743,2896.5876288659792,2896.551633298209,,,,,70500.0,64700.0,400.0,18100.0,0.5,-0.5,0.0,0.5,148.0
2025-08-27T15:01:36,7203,,3,2,2896.5,2897.0,2896.5,4200.0,5500.0,-0.5,-0.13402061855670103,2896.783505154639,2896.551633298209,,,,,70500.0,68700.0,400.0,14300.0,0.5,0.0,-0.5,0.5,148.0
2025-08-27T15:01:36,7203,,3,2,2896.5,2897.0,2896.5,3900.0,5600.0,-0.5,-0.17894736842105263,2896.794736842105,2896.551633298209,,,,,70500.0,68800.0,400.0,14200.0,0.5,0.0,-0.5,0.5,148.0
2025-08-27T15:01:37,7203,,3,2,2896.5,2897.0,2896.5,3900.0,5600.0,-0.5,-0.17894736842105263,2896.794736842105,2896.551633298209,,,,,69500.0,68800.0,1400.0,14200.0,0.5,0.0,0.0,0.5,149.0
2025-08-27T15:01:37,7203,,3,2,2896.5,2897.0,2896.5,3900.0,5900.0,-0.5,-0.20408163265306123,2896.8010204081634,2896.551633298209,,,,,69500.0,69100.0,1400.0,13900.0,0.5,0.0,0.0,0.5,149.0
2025-08-27T15:01:37,7203,,3,2,2896.5,2897.0,2896.5,3900.0,5600.0,-0.5,-0.17894736842105263,2896.794736842105,2896.551633298209,,,,,69500.0,68800.0,1400.0,14200.0,0.5,0.0,0.0,0.0,149.0
2025-08-27T15:01:38,7203,,3,2,2896.5,2897.0,2896.5,3900.0,6000.0,-0.5,-0.21212121212121213,2896.8030303030305,2896.551633298209,,,,,69500.0,70700.0,1400.0,13800.0,0.5,0.0,0.0,-0.5,149.0
2025-08-27T15:01:39,7203,,3,2,2896.5,2897.0,2896.5,3900.0,5700.0,-0.5,-0.1875,2896.796875,2896.551633298209,,,,,69500.0,70400.0,1400.0,14100.0,0.5,0.0,0.0,0.0,149.0
2025-08-27T15:01:39,7203,,3,2,2896.5,2897.0,2896.5,4100.0,5700.0,-0.5,-0.16326530612244897,2896.7908163265306,2896.551633298209,,,,,69500.0,69900.0,1400.0,14100.0,0.5,0.0,0.0,0.0,148.0
2025-08-27T15:01:40,7203,,3,2,2896.5,2897.0,2896.5,4100.0,5700.0,-0.5,-0.16326530612244897,2896.7908163265306,2896.551633298209,,,,,69500.0,69800.0,1400.0,14100.0,0.5,0.0,0.0,0.0,148.0
2025-08-27T15:01:40,7203,,3,2,2896.5,2897.0,2896.5,4100.0,5700.0,-0.5,-0.16326530612244897,2896.7908163265306,2896.551633298209,,,,,70500.0,69800.0,400.0,14100.0,0.5,0.0,0.0,0.0,149.0
2025-08-27T15:01:41,7203,,3,2,2896.5,2897.0,2896.5,4100.0,5700.0,-0.5,-0.16326530612244897,2896.7908163265306,2896.551633298209,,,,,70500.0,69900.0,400.0,14100.0,0.5,0.0,0.0,0.0,149.0
2025-08-27T15:01:42,7203,,3,2,2896.5,2897.0,2896.5,6100.0,3300.0,-0.5,0.2978723404255319,2896.675531914894,2896.551633298209,,,,,70500.0,67500.0,400.0,16500.0,0.5,0.0,0.0,0.0,149.0
2025-08-27T15:01:42,7203,,3,2,2896.5,2897.0,2896.5,6300.0,3400.0,-0.5,0.29896907216494845,2896.675257731959,2896.551633298209,,,,,70500.0,67600.0,400.0,16400.0,0.5,0.0,0.0,0.0,148.0
2025-08-27T15:01:43,7203,,3,2,2896.5,2897.0,2896.5,6300.0,3400.0,-0.5,0.29896907216494845,2896.675257731959,2896.551633298209,,,,,70500.0,67700.0,400.0,16400.0,0.5,0.0,0.0,0.0,148.0
2025-08-27T15:01:43,7203,,3,2,2896.5,2897.0,2896.5,6300.0,3400.0,-0.5,0.29896907216494845,2896.675257731959,2896.5498474059004,,,,,70500.0,67700.0,400.0,16400.0,0.5,0.0,0.0,0.0,149.0
2025-08-27T15:01:43,7203,,3,2,2896.0,2897.0,2896.5,6300.0,3400.0,-0.5,0.29896907216494845,2896.675257731959,2896.514272121789,,,,,70500.0,67700.0,400.0,16400.0,0.5,0.0,0.0,0.0,150.0
2025-08-27T15:01:43,7203,,3,2,2896.0,2897.0,2896.5,6300.0,3400.0,-0.5,0.29896907216494845,2896.675257731959,2896.513783269962,,,,,70500.0,67700.0,400.0,16400.0,0.5,-0.5,-0.5,-0.5,151.0
2025-08-27T15:01:43,7203,,3,2,2896.0,2896.0,2895.5,2000.0,10800.0,-0.5,-0.6875,2895.921875,2896.513783269962,,,,,68900.0,69300.0,-2200.0,-1900.0,0.5,-0.5,-0.5,-0.5,151.0
2025-08-27T15:01:43,7203,,3,2,2896.0,2896.0,2895.5,2000.0,10800.0,-0.5,-0.6875,2895.921875,2896.513783269962,,,,,68900.0,69300.0,-2200.0,-1900.0,0.5,-0.5,-0.5,-0.5,152.0
2025-08-27T15:01:43,7203,,3,2,2896.0,2896.0,2895.5,2000.0,10800.0,-0.5,-0.6875,2895.921875,2896.511837121212,,,,,68900.0,69300.0,-2200.0,-1900.0,0.5,0.0,-0.5,-0.5,152.0
2025-08-27T15:01:43,7203,,3,2,2896.0,2896.0,2895.5,2000.0,10800.0,-0.5,-0.6875,2895.921875,2896.511352885525,,,,,68900.0,69300.0,-2200.0,-1900.0,0.5,0.0,-0.5,-0.5,153.0
2025-08-27T15:01:43,7203,,3,2,2896.0,2896.0,2895.5,1500.0,12000.0,-0.5,-0.7777777777777778,2895.9444444444443,2896.504197761194,,,,,68900.0,70800.0,-2200.0,-2800.0,0.5,0.0,-0.5,-0.5,154.0
2025-08-27T15:01:44,7203,,3,2,2896.0,2896.5,2896.0,34600.0,300.0,-0.5,0.9828080229226361,2896.0042979942696,2896.504197761194,,,,,72300.0,64800.0,-2900.0,12400.0,0.5,0.0,-0.5,-0.5,154.0
2025-08-27T15:01:44,7203,,3,2,2896.0,2896.5,2896.0,34600.0,300.0,-0.5,0.9828080229226361,2896.0042979942696,2896.504197761194,,,,,72300.0,64900.0,-2900.0,12500.0,0.5,0.0,0.0,-0.5,155.0
2025-08-27T15:01:45,7203,,3,2,2896.0,2896.5,2896.0,34600.0,300.0,-0.5,0.9828080229226361,2896.0042979942696,2896.504197761194,,,,,71300.0,65200.0,-1900.0,12500.0,0.5,0.0,0.0,-0.5,154.0
2025-08-27T15:01:45,7203,,3,2,2896.0,2896.5,2896.0,34600.0,300.0,-0.5,0.9828080229226361,2896.0042979942696,2896.504197761194,,,,,71300.0,65200.0,-1900.0,12500.0,0.5,0.0,0.0,-0.5,152.0
2025-08-27T15:01:46,7203,,3,2,2896.0,2896.5,2896.0,37200.0,300.0,-0.5,0.984,2896.004,2896.504197761194,,,,,71300.0,65300.0,-1900.0,12500.0,0.5,0.0,0.0,-0.5,152.0
2025-08-27T15:01:46,7203,,3,2,2896.0,2896.5,2896.0,37200.0,300.0,-0.5,0.984,2896.004,2896.504197761194,,,,,71300.0,65300.0,-1900.0,12500.0,0.5,0.0,0.0,0.0,152.0
2025-08-27T15:01:47,7203,,3,2,2896.0,2896.5,2896.0,37200.0,300.0,-0.5,0.984,2896.004,2896.504197761194,,,,,72300.0,65500.0,-2900.0,12500.0,0.5,0.0,0.0,0.0,152.0
2025-08-27T15:01:47,7203,,3,2,2896.0,2896.5,2896.0,36100.0,2000.0,-0.5,0.89501312335958,2896.02624671916,2896.504197761194,,,,,72300.0,67300.0,-2900.0,10800.0,0.5,0.0,0.0,0.0,152.0
2025-08-27T15:01:47,7203,,3,2,2896.5,2896.5,2896.0,36100.0,2000.0,-0.5,0.89501312335958,2896.02624671916,2896.503637833468,,,,,72300.0,67300.0,-2900.0,10800.0,0.5,0.0,0.0,0.0,153.0
2025-08-27T15:01:47,7203,,3,2,2896.5,2896.5,2896.0,36100.0,2000.0,-0.5,0.89501312335958,2896.02624671916,2896.503184713376,,,,,72300.0,67300.0,-2900.0,10800.0,0.5,0.5,0.5,0.5,154.0
2025-08-27T15:01:47,7203,,3,2,2896.5,2896.5,2896.0,36100.0,2000.0,-0.5,0.89501312335958,2896.02624671916,2896.503184713376,,,,,72300.0,67300.0,-2900.0,10800.0,0.5,0.5,0.5,0.5,155.0
2025-08-27T15:01:48,7203,,3,2,2896.5,2897.0,2896.5,5000.0,2300.0,-0.5,0.3698630136986301,2896.6575342465753,2896.503184713376,,,,,69500.0,60400.0,-600.0,17500.0,0.5,0.5,0.5,0.5,156.0
2025-08-27T15:01:48,7203,,3,2,2896.5,2897.0,2896.5,7000.0,2600.0,-0.5,0.4583333333333333,2896.6354166666665,2896.503184713376,,,,,70500.0,60600.0,400.0,17200.0,0.5,0.0,0.5,0.5,156.0
2025-08-27T15:01:48,7203,,3,2,2897.0,2897.0,2896.5,7000.0,2600.0,-0.5,0.4583333333333333,2896.6354166666665,2896.503886925795,,,,,70500.0,60600.0,400.0,17200.0,0.5,0.0,0.5,0.5,156.0
2025-08-27T15:01:48,7203,,3,2,2897.0,2897.0,2896.5,7000.0,2600.0,-0.5,0.4583333333333333,2896.6354166666665,2896.526635198921,,,,,70500.0,60600.0,400.0,17200.0,0.5,0.5,1.0,1.0,157.0
2025-08-27T15:01:48,7203,,3,2,2897.0,2897.5,2897.0,10100.0,2000.0,-0.5,0.6694214876033058,2897.0826446280994,2896.526635198921,,,,,72400.0,52600.0,11100.0,15700.0,0.5,0.5,0.5,1.0,158.0
2025-08-27T15:01:49,7203,,3,2,2897.0,2897.5,2897.0,10100.0,2200.0,-0.5,0.6422764227642277,2897.089430894309,2896.526635198921,,,,,72400.0,52400.0,12100.0,15200.0,0.5,0.0,0.5,1.0,158.0
2025-08-27T15:01:49,7203,,3,2,2897.0,2897.5,2897.0,10300.0,2300.0,-0.5,0.6349206349206349,2897.09126984127,2896.526635198921,,,,,72400.0,52500.0,12100.0,15100.0,0.5,0.0,0.5,1.0,157.0
2025-08-27T15:01:49,7203,,3,2,2897.0,2897.5,2897.0,10300.0,2300.0,-0.5,0.6349206349206349,2897.09126984127,2896.5269541778976,,,,,72400.0,52500.0,12100.0,15100.0,0.5,0.0,0.0,1.0,157.0
2025-08-27T15:01:49,7203,,3,2,2897.0,2897.5,2897.0,10300.0,2300.0,-0.5,0.6349206349206349,2897.09126984127,2896.5269541778976,,,,,72400.0,52500.0,12100.0,15100.0,0.5,0.0,0.0,1.0,158.0
2025-08-27T15:01:50,7203,,3,2,2897.0,2897.5,2897.0,10400.0,2300.0,-0.5,0.6377952755905512,2897.0905511811025,2896.5269541778976,,,,,72400.0,52500.0,12100.0,15100.0,0.5,0.0,0.0,1.0,157.0
2025-08-27T15:01:50,7203,,3,2,2897.0,2897.5,2897.0,10400.0,2300.0,-0.5,0.6377952755905512,2897.0905511811025,2896.5269541778976,,,,,72400.0,52500.0,12100.0,15100.0,0.5,0.0,0.0,0.5,157.0
2025-08-27T15:01:51,7203,,3,2,2897.0,2897.5,2897.0,10400.0,2400.0,-0.5,0.625,2897.09375,2896.5269541778976,,,,,72400.0,52500.0,12100.0,15000.0,0.5,0.0,0.0,0.5,157.0
2025-08-27T15:01:51,7203,,3,2,2897.0,2897.5,2897.0,10400.0,3000.0,-0.5,0.5522388059701493,2897.1119402985073,2896.5269541778976,,,,,72400.0,53100.0,12100.0,14400.0,0.5,0.0,0.0,0.5,156.0
2025-08-27T15:01:52,7203,,3,2,2897.0,2897.5,2897.0,10400.0,2500.0,-0.5,0.6124031007751938,2897.0968992248063,2896.5269541778976,,,,,72400.0,52600.0,12100.0,14900.0,0.5,0.0,0.0,0.0,157.0
2025-08-27T15:01:52,7203,,3,2,2897.0,2897.5,2897.0,10400.0,2500.0,-0.5,0.6124031007751938,2897.0968992248063,2896.5269541778976,,,,,72400.0,52600.0,12100.0,14900.0,0.5,0.0,0.0,0.0,158.0
2025-08-27T15:01:52,7203,,3,2,2897.0,2897.5,2897.0,10400.0,2500.0,-0.5,0.6124031007751938,2897.0968992248063,2896.5269541778976,,,,,72400.0,52600.0,12100.0,14400.0,0.5,0.0,0.0,0.0,159.0
2025-08-27T15:01:53,7203,,3,2,2897.0,2897.5,2897.0,10300.0,2800.0,-0.5,0.5725190839694656,2897.1068702290077,2896.5269541778976,,,,,72400.0,52900.0,12100.0,14100.0,0.5,0.0,0.0,0.0,159.0
2025-08-27T15:01:53,7203,,3,2,2897.0,2897.5,2897.0,11500.0,1400.0,-0.5,0.7829457364341085,2897.0542635658917,2896.5269541778976,,,,,72400.0,51500.0,12100.0,15500.0,0.5,0.0,0.0,0.0,159.0
2025-08-27T15:01:53,7203,,3,2,2897.5,2897.5,2897.0,11500.0,1400.0,-0.5,0.7829457364341085,2897.0542635658917,2896.590680100756,,,,,72400.0,51500.0,12100.0,15500.0,0.5,0.0,0.0,0.0,160.0
2025-08-27T15:01:53,7203,,3,2,2897.5,2897.5,2897.0,11500.0,1400.0,-0.5,0.7829457364341085,2897.0542635658917,2896.590680100756,,,,,72400.0,51500.0,12100.0,15500.0,0.5,0.5,0.5,0.5,161.0
2025-08-27T15:01:54,7203,,3,2,2897.5,2898.0,2897.5,2800.0,3400.0,-0.5,-0.0967741935483871,2897.7741935483873,2896.590680100756,,,,,59000.0,52500.0,1500.0,6700.0,0.5,0.0,0.5,0.5,162.0
2025-08-27T15:01:54,7203,,3,2,2897.5,2898.0,2897.5,5900.0,2900.0,-0.5,0.3409090909090909,2897.6647727272725,2896.590680100756,,,,,60000.0,51900.0,2500.0,7200.0,0.5,0.0,0.5,0.5,163.0
2025-08-27T15:01:54,7203,,3,2,2897.5,2898.0,2897.5,6600.0,1600.0,-0.5,0.6097560975609756,2897.5975609756097,2896.590680100756,,,,,60000.0,51000.0,2500.0,8400.0,0.5,0.0,0.0,0.5,163.0
2025-08-27T15:01:55,7203,,3,2,2897.5,2898.0,2897.5,6600.0,1600.0,-0.5,0.6097560975609756,2897.5975609756097,2896.590680100756,,,,,59000.0,51000.0,3500.0,8400.0,0.5,0.0,0.0,0.5,162.0
2025-08-27T15:01:55,7203,,3,2,2897.5,2898.0,2897.5,6600.0,1600.0,-0.5,0.6097560975609756,2897.5975609756097,2896.590680100756,,,,,57000.0,50800.0,5500.0,8200.0,0.5,0.0,0.0,0.5,161.0
2025-08-27T15:01:56,7203,,3,2,2897.5,2898.0,2897.5,6700.0,1600.0,-0.5,0.6144578313253012,2897.5963855421687,2896.590680100756,,,,,57000.0,50900.0,5500.0,8300.0,0.5,0.0,0.0,0.0,159.0
2025-08-27T15:01:57,7203,,3,2,2897.5,2898.0,2897.5,6700.0,1600.0,-0.5,0.6144578313253012,2897.5963855421687,2896.590680100756,,,,,57000.0,51400.0,5500.0,8300.0,0.5,0.0,0.0,0.0,158.0
2025-08-27T15:01:57,7203,,3,2,2897.5,2898.0,2897.5,5700.0,3400.0,-0.5,0.25274725274725274,2897.686813186813,2896.590680100756,,,,,57000.0,53500.0,5500.0,6500.0,0.5,0.0,0.0,0.0,157.0
2025-08-27T15:01:58,7203,,3,2,2897.5,2898.0,2897.5,5700.0,3400.0,-0.5,0.25274725274725274,2897.686813186813,2896.590680100756,,,,,57000.0,53500.0,5500.0,6500.0,0.5,0.0,0.0,0.0,157.0
2025-08-27T15:01:58,7203,,3,2,2897.5,2898.0,2897.5,5700.0,3400.0,-0.5,0.25274725274725274,2897.686813186813,2896.590680100756,,,,,57000.0,53500.0,5500.0,6500.0,0.5,0.0,0.0,0.0,157.0
2025-08-27T15:01:59,7203,,3,2,2897.5,2898.0,2897.5,5700.0,3400.0,-0.5,0.25274725274725274,2897.686813186813,2896.590680100756,,,,,57000.0,56400.0,5500.0,9100.0,0.5,0.0,0.0,0.0,157.0
2025-08-27T15:01:59,7203,,3,2,2897.5,2898.0,2897.5,3700.0,6100.0,-0.5,-0.24489795918367346,2897.811224489796,2896.590680100756,,,,,57000.0,59200.0,5500.0,6400.0,0.5,0.0,0.0,0.0,154.0
2025-08-27T15:02:00,7203,,3,2,2898.0,2898.0,2897.5,3700.0,6100.0,-0.5,-0.24489795918367346,2897.811224489796,2896.6227692307693,,,,,57000.0,59200.0,5500.0,6400.0,0.5,0.0,0.0,0.0,154.0
2025-08-27T15:02:00,7203,,3,2,2898.0,2898.0,2897.5,3700.0,6100.0,-0.5,-0.24489795918367346,2897.811224489796,2896.6227692307693,,,,,57000.0,59200.0,5500.0,6400.0,0.5,0.5,0.5,0.5,154.0
2025-08-27T15:02:00,7203,,3,2,2898.0,2898.5,2898.0,3500.0,4200.0,-0.5,-0.09090909090909091,2898.2727272727275,2896.6227692307693,,,,,57200.0,57600.0,-1000.0,9400.0,0.5,0.5,0.5,0.5,154.0
2025-08-27T15:02:00,7203,,3,2,2898.0,2898.5,2898.0,3500.0,4200.0,-0.5,-0.09090909090909091,2898.2727272727275,2896.6227692307693,,,,,58200.0,57600.0,0.0,9400.0,0.5,0.0,0.5,0.5,154.0
2025-08-27T15:02:01,7203,,3,2,2898.0,2898.5,2898.0,5000.0,2300.0,-0.5,0.3698630136986301,2898.1575342465753,2896.6227692307693,,,,,58200.0,55200.0,0.0,11300.0,0.5,0.0,0.5,0.5,153.0
2025-08-27T15:02:01,7203,,3,2,2898.0,2898.5,2898.0,5200.0,700.0,-0.5,0.7627118644067796,2898.0593220338983,2896.6227692307693,,,,,58200.0,53500.0,0.0,12900.0,0.5,0.0,0.0,0.5,154.0
2025-08-27T15:02:01,7203,,3,2,2898.5,2898.5,2898.0,5200.0,700.0,-0.5,0.7627118644067796,2898.0593220338983,2896.6567975830817,,,,,58200.0,53500.0,0.0,12900.0,0.5,0.0,0.0,0.5,154.0
2025-08-27T15:02:01,7203,,3,2,2898.5,2899.0,2898.5,3300.0,5200.0,-0.5,-0.2235294117647059,2898.8058823529414,2896.6567975830817,,,,,55200.0,80400.0,-2700.0,5700.0,0.5,0.5,0.5,1.0,155.0
2025-08-27T15:02:02,7203,,3,2,2898.5,2899.0,2898.5,3800.0,3500.0,-0.5,0.0410958904109589,2898.7397260273974,2896.6567975830817,,,,,54200.0,78800.0,-700.0,7400.0,0.5,0.0,0.5,1.0,155.0
2025-08-27T15:02:02,7203,,3,2,2898.5,2899.0,2898.5,3800.0,4800.0,-0.5,-0.11627906976744186,2898.779069767442,2896.6567975830817,,,,,55200.0,80100.0,-1700.0,6100.0,0.5,0.0,0.5,1.0,154.0
2025-08-27T15:02:02,7203,,3,2,2898.5,2899.0,2898.5,3800.0,4800.0,-0.5,-0.11627906976744186,2898.779069767442,2896.6678678678677,,,,,55200.0,80100.0,-1700.0,6100.0,0.5,0.0,0.0,1.0,154.0
2025-08-27T15:02:03,7203,,3,2,2898.5,2899.0,2898.5,3800.0,3300.0,-0.5,0.07042253521126761,2898.7323943661972,2896.6678678678677,,,,,55200.0,78500.0,-1700.0,7600.0,0.5,0.0,0.0,0.5,154.0
2025-08-27T15:02:03,7203,,3,2,2898.5,2899.0,2898.5,3800.0,3400.0,-0.5,0.05555555555555555,2898.7361111111113,2896.6678678678677,,,,,55200.0,78600.0,-1700.0,7500.0,0.5,0.0,0.0,0.5,153.0
2025-08-27T15:02:04,7203,,3,2,2899.0,2899.0,2898.5,3800.0,3400.0,-0.5,0.05555555555555555,2898.7361111111113,2896.6706658668268,,,,,55200.0,78600.0,-1700.0,7500.0,0.5,0.0,0.0,0.5,154.0
2025-08-27T15:02:04,7203,,3,2,2899.0,2899.0,2898.5,3800.0,3400.0,-0.5,0.05555555555555555,2898.7361111111113,2896.6706658668268,,,,,55200.0,78600.0,-1700.0,7500.0,0.5,0.5,0.5,1.0,154.0
2025-08-27T15:02:04,7203,,3,2,2899.0,2899.0,2898.5,3800.0,6300.0,-0.5,-0.24752475247524752,2898.8118811881186,2896.6706658668268,,,,,55200.0,82000.0,-1700.0,4600.0,0.5,0.5,0.5,1.0,155.0
2025-08-27T15:02:04,7203,,3,2,2899.0,2899.0,2898.5,3800.0,6300.0,-0.5,-0.24752475247524752,2898.8118811881186,2896.7104952830186,,,,,55200.0,82000.0,-1700.0,4600.0,0.5,0.0,0.5,1.0,155.0
2025-08-27T15:02:04,7203,,3,2,2899.0,2899.0,2898.5,3100.0,6600.0,-0.5,-0.36082474226804123,2898.840206185567,2896.7104952830186,,,,,55200.0,83800.0,-1700.0,4300.0,0.5,0.0,0.5,1.0,156.0
2025-08-27T15:02:05,7203,,3,2,2899.0,2899.0,2898.5,1700.0,6600.0,-0.5,-0.5903614457831325,2898.897590361446,2896.7104952830186,,,,,55200.0,83800.0,-1700.0,4300.0,0.5,0.0,0.5,0.5,156.0
2025-08-27T15:02:05,7203,,3,2,2899.0,2899.0,2898.5,1700.0,6600.0,-0.5,-0.5903614457831325,2898.897590361446,2896.7131919905773,,,,,55200.0,83800.0,-1700.0,4300.0,0.5,0.0,0.0,0.5,156.0
2025-08-27T15:02:05,7203,,3,2,2899.0,2899.0,2898.5,1400.0,6100.0,-0.5,-0.6266666666666667,2898.9066666666668,2896.7131919905773,,,,,54200.0,83300.0,-700.0,4800.0,0.5,0.0,0.0,0.5,156.0
2025-08-27T15:02:05,7203,,3,2,2899.0,2899.0,2898.5,1400.0,6100.0,-0.5,-0.6266666666666667,2898.9066666666668,2897.0555833750627,,,,,54200.0,83300.0,-700.0,4800.0,0.5,0.0,0.0,0.5,156.0
2025-08-27T15:02:05,7203,,3,2,2898.5,2899.0,2898.5,1400.0,6100.0,-0.5,-0.6266666666666667,2898.9066666666668,2897.0613466334166,,,,,54200.0,83300.0,-700.0,4800.0,0.5,0.0,0.0,0.5,157.0
2025-08-27T15:02:05,7203,,3,2,2899.0,2899.0,2898.5,7300.0,500.0,-0.5,0.8717948717948718,2898.5320512820513,2897.070009930487,,,,,53200.0,48600.0,300.0,9900.0,0.5,-0.5,-0.5,0.0,158.0
2025-08-27T15:02:05,7203,,3,2,2899.0,2899.0,2898.5,7300.0,500.0,-0.5,0.8717948717948718,2898.5320512820513,2897.0709677419354,,,,,53200.0,48600.0,300.0,9900.0,0.5,0.0,0.0,0.5,159.0
2025-08-27T15:02:06,7203,,3,2,2898.5,2899.0,2898.5,8900.0,200.0,-0.5,0.9560439560439561,2898.510989010989,2897.0716765873017,,,,,53200.0,41000.0,300.0,10200.0,0.5,0.0,0.0,0.5,159.0
2025-08-27T15:02:06,7203,,3,2,2898.5,2899.0,2898.5,8900.0,200.0,-0.5,0.9560439560439561,2898.510989010989,2897.0716765873017,,,,,53200.0,41000.0,300.0,10200.0,0.5,-0.5,-0.5,0.0,160.0
2025-08-27T15:02:06,7203,,3,2,2898.5,2899.0,2898.5,8900.0,200.0,-0.5,0.9560439560439561,2898.510989010989,2897.0716765873017,,,,,53200.0,40800.0,300.0,10200.0,0.5,0.0,-0.5,0.0,160.0
2025-08-27T15:02:07,7203,,3,2,2898.5,2899.0,2898.5,8500.0,200.0,-0.5,0.9540229885057471,2898.5114942528735,2897.0716765873017,,,,,53200.0,41100.0,300.0,10200.0,0.5,0.0,-0.5,-0.5,160.0
2025-08-27T15:02:07,7203,,3,2,2898.5,2899.0,2898.5,8500.0,200.0,-0.5,0.9540229885057471,2898.5114942528735,2897.072384729797,,,,,53200.0,41100.0,300.0,10200.0,0.5,0.0,-0.5,-0.5,161.0
2025-08-27T15:02:07,7203,,3,2,2898.5,2899.0,2898.5,6100.0,1800.0,-0.5,0.5443037974683544,2898.6139240506327,2897.072384729797,,,,,53200.0,43200.0,300.0,8600.0,0.5,0.0,0.0,-0.5,161.0
2025-08-27T15:02:07,7203,,3,2,2899.0,2899.0,2898.5,6100.0,1800.0,-0.5,0.5443037974683544,2898.6139240506327,2897.074294205052,,,,,53200.0,43200.0,300.0,8600.0,0.5,0.0,0.0,-0.5,161.0
2025-08-27T15:02:07,7203,,3,2,2899.0,2899.0,2898.5,5300.0,1800.0,-0.5,0.49295774647887325,2898.6267605633802,2897.074294205052,,,,,53200.0,45200.0,300.0,8600.0,0.5,0.5,0.5,0.0,162.0
2025-08-27T15:02:07,7203,,3,2,2899.0,2899.0,2898.5,5300.0,1800.0,-0.5,0.49295774647887325,2898.6267605633802,2897.074294205052,,,,,53200.0,45200.0,300.0,8600.0,0.5,0.5,0.5,0.0,163.0
2025-08-27T15:02:08,7203,,3,2,2899.0,2899.0,2898.5,8300.0,400.0,-0.5,0.9080459770114943,2898.522988505747,2897.074294205052,,,,,53200.0,41500.0,300.0,10000.0,0.5,0.0,0.5,0.0,163.0
2025-08-27T15:02:08,7203,,3,2,2898.5,2899.0,2898.5,8300.0,400.0,-0.5,0.9080459770114943,2898.522988505747,2897.075,,,,,53200.0,41500.0,300.0,10000.0,0.5,0.0,0.5,0.0,164.0
2025-08-27T15:02:08,7203,,3,2,2898.5,2899.0,2898.5,8700.0,300.0,-0.5,0.9333333333333333,2898.516666666667,2897.075,,,,,53200.0,41300.0,300.0,10100.0,0.5,-0.5,0.0,-0.5,165.0
2025-08-27T15:02:08,7203,,3,2,2898.5,2899.0,2898.5,8700.0,300.0,-0.5,0.9333333333333333,2898.516666666667,2897.075,,,,,53200.0,41300.0,300.0,10100.0,0.5,-0.5,0.0,-0.5,166.0
2025-08-27T15:02:09,7203,,3,2,2898.5,2899.0,2898.5,7400.0,1700.0,-0.5,0.6263736263736264,2898.5934065934066,2897.075,,,,,53200.0,43300.0,300.0,8700.0,0.5,0.0,-0.5,0.0,167.0
2025-08-27T15:02:09,7203,,3,2,2898.5,2899.0,2898.5,6000.0,1800.0,-0.5,0.5384615384615384,2898.6153846153848,2897.075,,,,,53200.0,45200.0,300.0,8600.0,0.5,0.0,0.0,0.0,167.0
2025-08-27T15:02:10,7203,,3,2,2898.5,2899.0,2898.5,6100.0,1800.0,-0.5,0.5443037974683544,2898.6139240506327,2897.075,,,,,53200.0,45200.0,300.0,8600.0,0.5,0.0,0.0,0.0,168.0
2025-08-27T15:02:15,7203,,3,2,2898.5,2899.0,2898.5,2900.0,8200.0,-0.5,-0.4774774774774775,2898.8693693693695,2897.075,,,,,53200.0,51600.0,300.0,2200.0,0.5,0.0,0.0,0.0,169.0
2025-08-27T15:02:16,7203,,3,2,2898.5,2899.0,2898.5,2900.0,8200.0,-0.5,-0.4774774774774775,2898.8693693693695,2897.075,,,,,53200.0,51700.0,300.0,2300.0,0.5,0.0,0.0,0.0,168.0
2025-08-27T15:02:16,7203,,3,2,2898.5,2899.0,2898.5,4300.0,8300.0,-0.5,-0.31746031746031744,2898.8293650793653,2897.075,,,,,53200.0,51900.0,300.0,2200.0,0.5,0.0,0.0,0.0,168.0
2025-08-27T15:02:17,7203,,3,2,2898.5,2899.0,2898.5,4300.0,8300.0,-0.5,-0.31746031746031744,2898.8293650793653,2897.075,,,,,53200.0,51900.0,300.0,2200.0,0.5,0.0,0.0,0.0,168.0
2025-08-27T15:02:17,7203,,3,2,2898.5,2899.0,2898.5,4300.0,8300.0,-0.5,-0.31746031746031744,2898.8293650793653,2897.075,,,,,53200.0,54600.0,300.0,4900.0,0.5,0.0,0.0,0.0,168.0
2025-08-27T15:02:18,7203,,3,2,2899.0,2899.0,2898.5,2300.0,10000.0,-0.5,-0.6260162601626016,2898.9065040650407,2897.0769040553905,,,,,53200.0,56300.0,300.0,3200.0,0.5,0.0,0.0,0.0,168.0
2025-08-27T15:02:18,7203,,3,2,2899.0,2899.0,2898.5,2300.0,10000.0,-0.5,-0.6260162601626016,2898.9065040650407,2897.0769040553905,,,,,53200.0,56300.0,300.0,3200.0,0.5,0.5,0.5,0.5,169.0
2025-08-27T15:02:18,7203,,3,2,2898.5,2899.0,2898.5,2300.0,10000.0,-0.5,-0.6260162601626016,2898.9065040650407,2897.0776075135936,,,,,53200.0,56300.0,300.0,3200.0,0.5,0.5,0.5,0.5,169.0
2025-08-27T15:02:18,7203,,3,2,2898.5,2899.0,2898.5,2600.0,9900.0,-0.5,-0.584,2898.896,2897.0776075135936,,,,,53200.0,56200.0,300.0,3300.0,0.5,-0.5,0.0,0.0,169.0
2025-08-27T15:02:19,7203,,3,2,2898.5,2899.0,2898.5,2600.0,9900.0,-0.5,-0.584,2898.896,2897.0776075135936,,,,,53200.0,58300.0,300.0,3300.0,0.5,0.0,0.0,0.0,170.0
2025-08-27T15:02:19,7203,,3,2,2898.5,2899.0,2898.5,2700.0,9800.0,-0.5,-0.568,2898.892,2897.0776075135936,,,,,53200.0,58200.0,300.0,3400.0,0.5,0.0,-0.5,0.0,170.0
2025-08-27T15:02:19,7203,,3,2,2898.5,2899.0,2898.5,2700.0,9800.0,-0.5,-0.568,2898.892,2897.0776075135936,,,,,54200.0,58200.0,-700.0,3400.0,0.5,0.0,0.0,0.0,170.0
2025-08-27T15:02:20,7203,,3,2,2898.5,2899.0,2898.5,3400.0,9800.0,-0.5,-0.48484848484848486,2898.871212121212,2897.0776075135936,,,,,54200.0,58200.0,-700.0,3400.0,0.5,0.0,0.0,0.0,169.0
2025-08-27T15:02:20,7203,,3,2,2898.5,2899.0,2898.5,4000.0,8100.0,-0.5,-0.33884297520661155,2898.8347107438017,2897.083907480315,,,,,54200.0,56500.0,-700.0,5100.0,0.5,0.0,0.0,0.0,168.0
2025-08-27T15:02:21,7203,,3,2,2898.5,2899.0,2898.5,5000.0,7400.0,-0.5,-0.1935483870967742,2898.798387096774,2897.083907480315,,,,,54200.0,55800.0,-700.0,5800.0,0.5,0.0,0.0,0.0,168.0
2025-08-27T15:02:21,7203,,3,2,2898.5,2899.0,2898.5,3200.0,9100.0,-0.5,-0.4796747967479675,2898.869918699187,2897.083907480315,,,,,54200.0,57500.0,-700.0,4100.0,0.5,0.0,0.0,0.0,169.0
2025-08-27T15:02:22,7203,,3,2,2898.5,2899.0,2898.5,7100.0,7600.0,-0.5,-0.034013605442176874,2898.7585034013605,2897.083907480315,,,,,54200.0,56000.0,-700.0,5600.0,0.5,0.0,0.0,0.0,167.0
2025-08-27T15:02:22,7203,,3,2,2898.5,2899.0,2898.5,7400.0,7600.0,-0.5,-0.013333333333333334,2898.7533333333336,2897.083907480315,,,,,54200.0,56000.0,-700.0,5600.0,0.5,0.0,0.0,0.0,165.0
2025-08-27T15:02:23,7203,,3,2,2898.5,2899.0,2898.5,7300.0,8100.0,-0.5,-0.05194805194805195,2898.762987012987,2897.083907480315,,,,,54200.0,56500.0,-700.0,5100.0,0.5,0.0,0.0,0.0,165.0
2025-08-27T15:02:23,7203,,3,2,2898.5,2899.0,2898.5,7300.0,8100.0,-0.5,-0.05194805194805195,2898.762987012987,2897.083907480315,,,,,54200.0,58000.0,-700.0,5100.0,0.5,0.0,0.0,0.0,165.0
2025-08-27T15:02:24,7203,,3,2,2898.5,2899.0,2898.5,7300.0,8100.0,-0.5,-0.05194805194805195,2898.762987012987,2897.083907480315,,,,,54200.0,57900.0,-700.0,5100.0,0.5,0.0,0.0,0.0,165.0
2025-08-27T15:02:24,7203,,3,2,2898.5,2899.0,2898.5,5400.0,8200.0,-0.5,-0.20588235294117646,2898.801470588235,2897.083907480315,,,,,54200.0,58000.0,-700.0,5000.0,0.5,0.0,0.0,0.0,165.0
2025-08-27T15:02:25,7203,,3,2,2898.5,2899.0,2898.5,5500.0,8200.0,-0.5,-0.19708029197080293,2898.799270072993,2897.083907480315,,,,,54200.0,58000.0,-700.0,5000.0,0.5,0.0,0.0,0.0,165.0
2025-08-27T15:02:25,7203,,3,2,2899.0,2899.0,2898.5,5500.0,8200.0,-0.5,-0.19708029197080293,2898.799270072993,2897.085791543756,,,,,54200.0,58000.0,-700.0,5000.0,0.5,0.0,0.0,0.0,166.0
2025-08-27T15:02:25,7203,,3,2,2899.0,2899.0,2898.5,5300.0,8200.0,-0.5,-0.21481481481481482,2898.803703703704,2897.085791543756,,,,,54200.0,58000.0,-700.0,5000.0,0.5,0.5,0.5,0.5,167.0
2025-08-27T15:02:25,7203,,3,2,2899.0,2899.0,2898.5,5300.0,8200.0,-0.5,-0.21481481481481482,2898.803703703704,2897.085791543756,,,,,54200.0,58000.0,-700.0,5000.0,0.5,0.5,0.5,0.5,168.0
2025-08-27T15:02:26,7203,,3,2,2899.0,2899.0,2898.5,5300.0,8200.0,-0.5,-0.21481481481481482,2898.803703703704,2897.085791543756,,,,,54200.0,58000.0,-700.0,5000.0,0.5,0.0,0.5,0.5,168.0
2025-08-27T15:02:26,7203,,3,2,2898.5,2899.0,2898.5,5300.0,7700.0,-0.5,-0.18461538461538463,2898.7961538461536,2897.0892594409024,,,,,54200.0,57500.0,-700.0,5500.0,0.5,0.0,0.0,0.5,168.0
2025-08-27T15:02:26,7203,,3,2,2898.5,2899.0,2898.5,5300.0,7700.0,-0.5,-0.18461538461538463,2898.7961538461536,2897.089950980392,,,,,54200.0,57500.0,-700.0,5500.0,0.5,-0.5,-0.5,0.0,169.0
2025-08-27T15:02:26,7203,,3,2,2898.5,2899.0,2898.5,5300.0,7700.0,-0.5,-0.18461538461538463,2898.7961538461536,2897.089950980392,,,,,54200.0,57500.0,-700.0,5500.0,0.5,-0.5,-0.5,0.0,170.0
2025-08-27T15:02:27,7203,,3,2,2898.5,2899.0,2898.5,6400.0,8400.0,-0.5,-0.13513513513513514,2898.7837837837837,2897.089950980392,,,,,54200.0,58200.0,-700.0,4800.0,0.5,0.0,-0.5,0.0,168.0
2025-08-27T15:02:27,7203,,3,2,2898.5,2899.0,2898.5,6500.0,8400.0,-0.5,-0.12751677852348994,2898.781879194631,2897.089950980392,,,,,54200.0,58200.0,-700.0,4800.0,0.5,0.0,0.0,0.0,167.0
2025-08-27T15:02:28,7203,,3,2,2898.5,2899.0,2898.5,6500.0,8500.0,-0.5,-0.13333333333333333,2898.7833333333333,2897.089950980392,,,,,54200.0,58300.0,-700.0,4700.0,0.5,0.0,0.0,0.0,168.0
2025-08-27T15:02:28,7203,,3,2,2898.5,2899.0,2898.5,6400.0,8500.0,-0.5,-0.14093959731543623,2898.7852348993288,2897.089950980392,,,,,54200.0,58300.0,-700.0,4700.0,0.5,0.0,0.0,-0.5,168.0
2025-08-27T15:02:29,7203,,3,2,2898.5,2899.0,2898.5,5400.0,8500.0,-0.5,-0.22302158273381295,2898.8057553956833,2897.089950980392,,,,,54200.0,58300.0,-700.0,4700.0,0.5,0.0,0.0,-0.5,168.0
2025-08-27T15:02:29,7203,,3,2,2898.5,2899.0,2898.5,5400.0,8900.0,-0.5,-0.24475524475524477,2898.811188811189,2897.089950980392,,,,,54200.0,58800.0,-700.0,4300.0,0.5,0.0,0.0,-0.5,168.0
2025-08-27T15:02:29,7203,,3,2,2899.0,2899.0,2898.5,2900.0,9900.0,-0.5,-0.546875,2898.88671875,2897.1167230546157,,,,,54200.0,59800.0,-700.0,3300.0,0.5,0.0,0.0,0.0,167.0
2025-08-27T15:02:30,7203,,3,2,2899.5,2899.0,2898.5,2900.0,9900.0,-0.5,-0.546875,2898.88671875,2897.129326923077,,,,,54200.0,59800.0,-700.0,3300.0,0.5,0.5,0.5,0.5,167.0
2025-08-27T15:02:30,7203,,3,2,2899.5,2899.0,2898.5,2900.0,9900.0,-0.5,-0.546875,2898.88671875,2897.129326923077,,,,,54200.0,59800.0,-700.0,3300.0,0.5,1.0,1.0,1.0,167.0
2025-08-27T15:02:30,7203,,3,2,2899.5,2899.5,2898.5,7200.0,13600.0,-1.0,-0.3076923076923077,2899.153846153846,2897.129326923077,,,,,55300.0,63800.0,1200.0,-900.0,0.5,0.5,1.0,1.0,168.0
2025-08-27T15:02:30,7203,,3,2,2899.0,2899.5,2898.5,7200.0,13600.0,-1.0,-0.3076923076923077,2899.153846153846,2897.1311239193083,,,,,55300.0,63800.0,1200.0,-900.0,0.5,0.0,1.0,1.0,169.0
2025-08-27T15:02:30,7203,,3,2,2899.0,2899.5,2898.5,7200.0,13600.0,-1.0,-0.3076923076923077,2899.153846153846,2897.1311239193083,,,,,55300.0,63800.0,1200.0,-900.0,0.5,0.0,0.5,0.5,169.0
2025-08-27T15:02:30,7203,,3,2,2899.0,2899.5,2899.0,9500.0,500.0,-0.5,0.9,2899.025,2897.1311239193083,,,,,55300.0,51000.0,1200.0,14600.0,0.5,0.0,0.5,0.5,170.0
2025-08-27T15:02:31,7203,,3,2,2899.0,2899.5,2899.0,9500.0,500.0,-0.5,0.9,2899.025,2897.1364942528735,,,,,55300.0,51000.0,1200.0,14600.0,0.5,0.0,0.0,0.5,170.0
2025-08-27T15:02:31,7203,,3,2,2899.0,2899.0,2898.5,600.0,9800.0,-0.5,-0.8846153846153846,2898.971153846154,2897.1364942528735,,,,,53500.0,60100.0,-400.0,2900.0,0.5,0.0,-0.5,0.5,171.0
2025-08-27T15:02:31,7203,,3,2,2899.0,2899.0,2898.5,1300.0,9900.0,-0.5,-0.7678571428571429,2898.941964285714,2897.1364942528735,,,,,54600.0,60200.0,-1400.0,2800.0,0.5,0.0,0.0,0.5,170.0
2025-08-27T15:02:31,7203,,3,2,2899.0,2899.0,2898.5,1300.0,10400.0,-0.5,-0.7777777777777778,2898.9444444444443,2897.1364942528735,,,,,53600.0,60700.0,-1400.0,2300.0,0.5,0.0,0.0,0.5,170.0
2025-08-27T15:02:32,7203,,3,2,2899.0,2899.0,2898.5,1200.0,10000.0,-0.5,-0.7857142857142857,2898.9464285714284,2897.1391678622667,,,,,54600.0,60300.0,-400.0,2700.0,0.5,0.0,0.0,0.5,170.0
2025-08-27T15:02:32,7203,,3,2,2899.0,2899.0,2898.5,1500.0,10000.0,-0.5,-0.7391304347826086,2898.9347826086955,2897.1391678622667,,,,,54600.0,60300.0,-400.0,2700.0,0.5,0.0,0.0,0.5,170.0
2025-08-27T15:02:33,7203,,3,2,2899.0,2899.0,2898.5,1500.0,10000.0,-0.5,-0.7391304347826086,2898.9347826086955,2897.1391678622667,,,,,54600.0,60300.0,-400.0,2700.0,0.5,0.0,0.0,-0.5,170.0
2025-08-27T15:02:33,7203,,3,2,2899.0,2899.0,2898.5,1700.0,10100.0,-0.5,-0.711864406779661,2898.927966101695,2897.1391678622667,,,,,54600.0,60400.0,-400.0,2600.0,0.5,0.0,0.0,0.0,170.0
2025-08-27T15:02:33,7203,,3,2,2899.0,2899.0,2898.5,1700.0,10200.0,-0.5,-0.7142857142857143,2898.9285714285716,2897.1391678622667,,,,,54600.0,60500.0,-400.0,2500.0,0.5,0.0,0.0,0.0,171.0
2025-08-27T15:02:34,7203,,3,2,2899.0,2899.0,2898.5,1700.0,10200.0,-0.5,-0.7142857142857143,2898.9285714285716,2897.1391678622667,,,,,54600.0,60500.0,-400.0,2500.0,0.5,0.0,0.0,0.0,170.0
2025-08-27T15:02:34,7203,,3,2,2899.0,2899.0,2898.5,1700.0,10200.0,-0.5,-0.7142857142857143,2898.9285714285716,2897.1391678622667,,,,,54600.0,60500.0,-400.0,2500.0,0.5,0.0,0.0,0.0,171.0
2025-08-27T15:02:35,7203,,3,2,2899.0,2899.0,2898.5,4500.0,9200.0,-0.5,-0.34306569343065696,2898.8357664233577,2897.1391678622667,,,,,54600.0,59500.0,-400.0,3500.0,0.5,0.0,0.0,0.0,169.0
2025-08-27T15:02:35,7203,,3,2,2899.0,2899.0,2898.5,4500.0,9200.0,-0.5,-0.34306569343065696,2898.8357664233577,2897.1391678622667,,,,,54600.0,59500.0,-400.0,3500.0,0.5,0.0,0.0,0.0,167.0
2025-08-27T15:02:35,7203,,3,2,2899.0,2899.0,2898.5,4200.0,9200.0,-0.5,-0.373134328358209,2898.8432835820895,2897.1391678622667,,,,,54600.0,59500.0,-400.0,3500.0,0.5,0.0,0.0,0.0,164.0
2025-08-27T15:02:36,7203,,3,2,2899.0,2899.0,2898.5,4200.0,9200.0,-0.5,-0.373134328358209,2898.8432835820895,2897.1391678622667,,,,,54600.0,59500.0,-400.0,3500.0,0.5,0.0,0.0,0.0,162.0
2025-08-27T15:02:37,7203,,3,2,2899.0,2899.0,2898.5,4200.0,9200.0,-0.5,-0.373134328358209,2898.8432835820895,2897.1391678622667,,,,,54600.0,59500.0,-400.0,3500.0,0.5,0.0,0.0,0.0,162.0
2025-08-27T15:02:37,7203,,3,2,2899.0,2899.0,2898.5,4200.0,9700.0,-0.5,-0.39568345323741005,2898.8489208633096,2897.1391678622667,,,,,54600.0,60000.0,-400.0,3000.0,0.5,0.0,0.0,0.0,162.0
2025-08-27T15:02:38,7203,,3,2,2899.0,2899.0,2898.5,4300.0,9700.0,-0.5,-0.38571428571428573,2898.8464285714285,2897.1391678622667,,,,,54600.0,60000.0,-400.0,3000.0,0.5,0.0,0.0,0.0,162.0
2025-08-27T15:02:38,7203,,3,2,2899.0,2899.0,2898.5,4300.0,9700.0,-0.5,-0.38571428571428573,2898.8464285714285,2897.1391678622667,,,,,54600.0,60000.0,-400.0,3000.0,0.5,0.0,0.0,0.0,163.0
2025-08-27T15:02:38,7203,,3,2,2899.0,2899.0,2898.5,4500.0,9700.0,-0.5,-0.36619718309859156,2898.8415492957747,2897.1391678622667,,,,,54600.0,60500.0,-400.0,3000.0,0.5,0.0,0.0,0.0,163.0
2025-08-27T15:02:39,7203,,3,2,2899.0,2899.0,2898.5,4500.0,9800.0,-0.5,-0.3706293706293706,2898.8426573426573,2897.1391678622667,,,,,54600.0,60600.0,-400.0,2900.0,0.5,0.0,0.0,0.0,163.0
2025-08-27T15:02:39,7203,,3,2,2899.0,2899.0,2898.5,4500.0,10900.0,-0.5,-0.4155844155844156,2898.853896103896,2897.1391678622667,,,,,54600.0,61700.0,-400.0,1800.0,0.5,0.0,0.0,0.0,163.0
2025-08-27T15:02:40,7203,,3,2,2899.0,2899.0,2898.5,4600.0,11000.0,-0.5,-0.41025641025641024,2898.852564102564,2897.1391678622667,,,,,54600.0,61800.0,-400.0,1700.0,0.5,0.0,0.0,0.0,163.0
2025-08-27T15:02:41,7203,,3,2,2899.0,2899.0,2898.5,4500.0,11000.0,-0.5,-0.41935483870967744,2898.8548387096776,2897.1391678622667,,,,,54600.0,61800.0,-400.0,1700.0,0.5,0.0,0.0,0.0,162.0
2025-08-27T15:02:42,7203,,3,2,2899.0,2899.0,2898.5,4500.0,10900.0,-0.5,-0.4155844155844156,2898.853896103896,2897.1391678622667,,,,,54600.0,61800.0,-400.0,1800.0,0.5,0.0,0.0,0.0,162.0
2025-08-27T15:02:42,7203,,3,2,2898.5,2899.0,2898.5,4500.0,10900.0,-0.5,-0.4155844155844156,2898.853896103896,2897.1417661097853,,,,,54600.0,61800.0,-400.0,1800.0,0.5,0.0,0.0,0.0,163.0
2025-08-27T15:02:42,7203,,3,2,2898.5,2899.0,2898.5,4500.0,10500.0,-0.5,-0.4,2898.85,2897.1417661097853,,,,,54600.0,61400.0,-400.0,2200.0,0.5,-0.5,-0.5,-0.5,164.0
2025-08-27T15:02:42,7203,,3,2,2898.5,2899.0,2898.5,4400.0,10500.0,-0.5,-0.40939597315436244,2898.8523489932886,2897.1417661097853,,,,,54600.0,61400.0,-400.0,2200.0,0.5,0.0,-0.5,-0.5,164.0
2025-08-27T15:02:43,7203,,3,2,2898.5,2899.0,2898.5,4500.0,10500.0,-0.5,-0.4,2898.85,2897.1417661097853,,,,,54600.0,61400.0,-400.0,2200.0,0.5,0.0,-0.5,-0.5,165.0
2025-08-27T15:02:44,7203,,3,2,2898.5,2899.0,2898.5,4500.0,9500.0,-0.5,-0.35714285714285715,2898.839285714286,2897.1417661097853,,,,,54600.0,60400.0,-400.0,3200.0,0.5,0.0,0.0,-0.5,157.0
2025-08-27T15:02:44,7203,,3,2,2899.0,2899.0,2898.5,4500.0,9500.0,-0.5,-0.35714285714285715,2898.839285714286,2897.144423260248,,,,,54600.0,60400.0,-400.0,3200.0,0.5,0.0,0.0,-0.5,157.0
2025-08-27T15:02:44,7203,,3,2,2899.0,2899.0,2898.5,4400.0,9500.0,-0.5,-0.3669064748201439,2898.8417266187053,2897.144423260248,,,,,54600.0,60500.0,-400.0,3200.0,0.5,0.5,0.5,0.0,158.0
2025-08-27T15:02:45,7203,,3,2,2899.0,2899.0,2898.5,4300.0,9400.0,-0.5,-0.3722627737226277,2898.8430656934306,2897.1453072891854,,,,,54600.0,60400.0,-400.0,3300.0,0.5,0.0,0.5,0.0,158.0
2025-08-27T15:02:45,7203,,3,2,2899.0,2899.0,2898.5,5000.0,9400.0,-0.5,-0.3055555555555556,2898.8263888888887,2897.1453072891854,,,,,54600.0,60400.0,-400.0,3300.0,0.5,0.0,0.0,0.5,158.0
2025-08-27T15:02:46,7203,,3,2,2899.0,2899.0,2898.5,6200.0,8800.0,-0.5,-0.17333333333333334,2898.7933333333335,2897.1453072891854,,,,,54600.0,60400.0,-400.0,3900.0,0.5,0.0,0.0,0.5,158.0
2025-08-27T15:02:46,7203,,3,2,2899.0,2899.0,2898.5,6200.0,8900.0,-0.5,-0.17880794701986755,2898.794701986755,2897.1453072891854,,,,,54600.0,60500.0,-400.0,3800.0,0.5,0.0,0.0,0.5,158.0
2025-08-27T15:02:47,7203,,3,2,2899.0,2899.0,2898.5,6300.0,8900.0,-0.5,-0.17105263157894737,2898.7927631578946,2897.1453072891854,,,,,54600.0,60500.0,-400.0,3800.0,0.5,0.0,0.0,0.0,157.0
2025-08-27T15:02:49,7203,,3,2,2899.0,2899.0,2898.5,6300.0,8900.0,-0.5,-0.17105263157894737,2898.7927631578946,2897.1453072891854,,,,,54600.0,60500.0,-400.0,3800.0,0.5,0.0,0.0,0.0,148.0
2025-08-27T15:02:49,7203,,3,2,2899.0,2899.0,2898.5,7000.0,9000.0,-0.5,-0.125,2898.78125,2897.1453072891854,,,,,54600.0,60600.0,-400.0,3700.0,0.5,0.0,0.0,0.0,148.0
2025-08-27T15:02:50,7203,,3,2,2899.0,2899.0,2898.5,7000.0,9000.0,-0.5,-0.125,2898.78125,2897.1453072891854,,,,,54600.0,60600.0,-400.0,3700.0,0.5,0.0,0.0,0.0,147.0
2025-08-27T15:02:50,7203,,3,2,2899.0,2899.0,2898.5,6900.0,9000.0,-0.5,-0.1320754716981132,2898.7830188679245,2897.1453072891854,,,,,54600.0,60600.0,-400.0,3700.0,0.5,0.0,0.0,0.0,147.0
2025-08-27T15:02:51,7203,,3,2,2899.0,2899.0,2898.5,7000.0,9000.0,-0.5,-0.125,2898.78125,2897.1453072891854,,,,,54600.0,60600.0,-400.0,3700.0,0.5,0.0,0.0,0.0,147.0
2025-08-27T15:02:51,7203,,3,2,2899.0,2899.0,2898.5,7000.0,9600.0,-0.5,-0.1566265060240964,2898.789156626506,2897.1453072891854,,,,,54600.0,61200.0,-400.0,3100.0,0.5,0.0,0.0,0.0,147.0
2025-08-27T15:02:52,7203,,3,2,2899.0,2899.0,2898.5,5200.0,10600.0,-0.5,-0.34177215189873417,2898.8354430379745,2897.1453072891854,,,,,54600.0,62200.0,-400.0,2100.0,0.5,0.0,0.0,0.0,147.0
2025-08-27T15:02:52,7203,,3,2,2898.5,2899.0,2898.5,5200.0,10600.0,-0.5,-0.34177215189873417,2898.8354430379745,2897.145952380952,,,,,54600.0,62200.0,-400.0,2100.0,0.5,0.0,0.0,0.0,147.0
2025-08-27T15:02:52,7203,,3,2,2898.5,2899.0,2898.5,5200.0,10500.0,-0.5,-0.3375796178343949,2898.834394904459,2897.145952380952,,,,,54600.0,62100.0,-400.0,2200.0,0.5,-0.5,-0.5,-0.5,147.0
2025-08-27T15:02:52,7203,,3,2,2898.5,2899.0,2898.5,5300.0,8900.0,-0.5,-0.2535211267605634,2898.81338028169,2897.145952380952,,,,,54600.0,60500.0,-400.0,3800.0,0.5,0.0,-0.5,-0.5,147.0
2025-08-27T15:02:53,7203,,3,2,2898.5,2899.0,2898.5,8100.0,8200.0,-0.5,-0.006134969325153374,2898.7515337423315,2897.145952380952,,,,,54600.0,61000.0,-400.0,4500.0,0.5,0.0,-0.5,-0.5,147.0
2025-08-27T15:02:54,7203,,3,2,2898.5,2899.0,2898.5,8300.0,8200.0,-0.5,0.006060606060606061,2898.7484848484846,2897.145952380952,,,,,54600.0,61000.0,-400.0,4500.0,0.5,0.0,0.0,-0.5,143.0
2025-08-27T15:02:54,7203,,3,2,2898.5,2899.0,2898.5,8300.0,8300.0,-0.5,0.0,2898.75,2897.145952380952,,,,,54600.0,61100.0,-400.0,4400.0,0.5,0.0,0.0,-0.5,143.0
2025-08-27T15:02:55,7203,,3,2,2898.5,2899.0,2898.5,8300.0,8300.0,-0.5,0.0,2898.75,2897.145952380952,,,,,54600.0,61100.0,-400.0,4400.0,0.5,0.0,0.0,-0.5,144.0
2025-08-27T15:02:55,7203,,3,2,2899.0,2899.0,2898.5,8300.0,8300.0,-0.5,0.0,2898.75,2897.148597242035,,,,,54600.0,61100.0,-400.0,4400.0,0.5,0.0,0.0,-0.5,145.0
2025-08-27T15:02:55,7203,,3,2,2899.0,2899.0,2898.5,8300.0,8300.0,-0.5,0.0,2898.75,2897.148597242035,,,,,54600.0,61100.0,-400.0,4400.0,0.5,0.5,0.5,0.5,145.0
2025-08-27T15:02:55,7203,,3,2,2899.0,2899.0,2898.5,7100.0,8300.0,-0.5,-0.07792207792207792,2898.7694805194806,2897.148597242035,,,,,54600.0,61100.0,-400.0,4400.0,0.5,0.0,0.5,0.5,145.0
2025-08-27T15:02:55,7203,,3,2,2898.5,2899.0,2898.5,7100.0,8300.0,-0.5,-0.07792207792207792,2898.7694805194806,2897.1492395437263,,,,,54600.0,61100.0,-400.0,4400.0,0.5,0.0,0.5,0.5,146.0
2025-08-27T15:02:55,7203,,3,2,2898.5,2899.0,2898.5,7100.0,8300.0,-0.5,-0.07792207792207792,2898.7694805194806,2897.1492395437263,,,,,54600.0,61100.0,-400.0,4400.0,0.5,-0.5,0.0,0.0,147.0
2025-08-27T15:02:56,7203,,3,2,2898.5,2899.0,2898.5,7300.0,8200.0,-0.5,-0.05806451612903226,2898.7645161290325,2897.1492395437263,,,,,54600.0,61000.0,-400.0,4500.0,0.5,-0.5,0.0,0.0,148.0
2025-08-27T15:02:56,7203,,3,2,2898.5,2899.0,2898.5,5500.0,10000.0,-0.5,-0.2903225806451613,2898.8225806451615,2897.1492395437263,,,,,54600.0,62800.0,-400.0,2700.0,0.5,0.0,-0.5,0.0,149.0
2025-08-27T15:02:57,7203,,3,2,2898.5,2899.0,2898.5,5500.0,10000.0,-0.5,-0.2903225806451613,2898.8225806451615,2897.1492395437263,,,,,54600.0,62800.0,-400.0,2700.0,0.5,0.0,0.0,0.0,149.0
2025-08-27T15:02:57,7203,,3,2,2898.5,2899.0,2898.5,5500.0,9400.0,-0.5,-0.26174496644295303,2898.8154362416108,2897.1492395437263,,,,,54600.0,62200.0,-400.0,3300.0,0.5,0.0,0.0,0.0,150.0
2025-08-27T15:02:57,7203,,3,2,2898.5,2899.0,2898.5,5500.0,10000.0,-0.5,-0.2903225806451613,2898.8225806451615,2897.1492395437263,,,,,54600.0,62800.0,-400.0,2700.0,0.5,0.0,0.0,0.0,149.0
2025-08-27T15:02:58,7203,,3,2,2898.5,2899.0,2898.5,5500.0,10100.0,-0.5,-0.2948717948717949,2898.823717948718,2897.1492395437263,,,,,54600.0,62900.0,-400.0,2600.0,0.5,0.0,0.0,-0.5,149.0
2025-08-27T15:02:58,7203,,3,2,2898.5,2899.0,2898.5,5600.0,9900.0,-0.5,-0.27741935483870966,2898.81935483871,2897.150522317189,,,,,54600.0,62700.0,-400.0,2800.0,0.5,0.0,0.0,-0.5,149.0
2025-08-27T15:02:59,7203,,3,2,2898.5,2899.0,2898.5,5400.0,9900.0,-0.5,-0.29411764705882354,2898.823529411765,2897.150522317189,,,,,54600.0,62700.0,-400.0,2800.0,0.5,0.0,0.0,0.0,149.0
2025-08-27T15:02:59,7203,,3,2,2898.5,2899.0,2898.5,5400.0,9900.0,-0.5,-0.29411764705882354,2898.823529411765,2897.1799814212727,,,,,54600.0,62700.0,-400.0,2800.0,0.5,0.0,0.0,0.0,150.0
2025-08-27T15:02:59,7203,,3,2,2898.5,2899.0,2898.5,7100.0,4000.0,-0.5,0.27927927927927926,2898.6801801801803,2897.1799814212727,,,,,53600.0,56800.0,600.0,8700.0,0.5,0.0,0.0,0.0,151.0
2025-08-27T15:02:59,7203,,3,2,2898.5,2899.0,2898.5,7600.0,4000.0,-0.5,0.3103448275862069,2898.6724137931033,2897.1799814212727,,,,,53600.0,56800.0,600.0,8700.0,0.5,0.0,0.0,0.0,151.0
2025-08-27T15:03:00,7203,,3,2,2898.5,2899.0,2898.5,7600.0,4000.0,-0.5,0.3103448275862069,2898.6724137931033,2897.1799814212727,,,,,54600.0,56800.0,-400.0,8700.0,0.5,0.0,0.0,0.0,149.0
2025-08-27T15:03:01,7203,,3,2,2898.5,2899.0,2898.5,8200.0,4000.0,-0.5,0.3442622950819672,2898.6639344262294,2897.1799814212727,,,,,54600.0,56800.0,-400.0,8700.0,0.5,0.0,0.0,0.0,148.0
2025-08-27T15:03:01,7203,,3,2,2898.5,2899.0,2898.5,8400.0,4000.0,-0.5,0.3548387096774194,2898.6612903225805,2897.1799814212727,,,,,53600.0,56800.0,600.0,8700.0,0.5,0.0,0.0,0.0,148.0
2025-08-27T15:03:01,7203,,3,2,2898.5,2899.0,2898.5,8400.0,4000.0,-0.5,0.3548387096774194,2898.6612903225805,2897.1812064965197,,,,,53600.0,56800.0,600.0,8700.0,0.5,0.0,0.0,0.0,148.0
2025-08-27T15:03:02,7203,,3,2,2898.5,2899.0,2898.5,8200.0,5000.0,-0.5,0.24242424242424243,2898.689393939394,2897.1812064965197,,,,,54600.0,57900.0,-400.0,7700.0,0.5,0.0,0.0,0.0,148.0
2025-08-27T15:03:02,7203,,3,2,2898.5,2899.0,2898.5,8200.0,5000.0,-0.5,0.24242424242424243,2898.689393939394,2897.1812064965197,,,,,54600.0,57900.0,-400.0,7700.0,0.5,0.0,0.0,0.0,147.0
2025-08-27T15:03:03,7203,,3,2,2898.5,2899.0,2898.5,7700.0,6000.0,-0.5,0.12408759124087591,2898.71897810219,2897.1812064965197,,,,,54700.0,58900.0,-300.0,6700.0,0.5,0.0,0.0,0.0,147.0
2025-08-27T15:03:03,7203,,3,2,2898.5,2899.0,2898.5,7700.0,6000.0,-0.5,0.12408759124087591,2898.71897810219,2897.1812064965197,,,,,54600.0,58900.0,-300.0,6700.0,0.5,0.0,0.0,0.0,147.0
2025-08-27T15:03:03,7203,,3,2,2898.5,2899.0,2898.5,7800.0,6000.0,-0.5,0.13043478260869565,2898.717391304348,2897.1812064965197,,,,,54600.0,58900.0,-300.0,6700.0,0.5,0.0,0.0,0.0,148.0
2025-08-27T15:03:04,7203,,3,2,2898.5,2899.0,2898.5,7800.0,6000.0,-0.5,0.13043478260869565,2898.717391304348,2897.1812064965197,,,,,54600.0,58800.0,-300.0,6700.0,0.5,0.0,0.0,0.0,145.0
2025-08-27T15:03:04,7203,,3,2,2898.5,2899.0,2898.5,7700.0,5000.0,-0.5,0.2125984251968504,2898.696850393701,2897.1812064965197,,,,,54600.0,57800.0,-300.0,7700.0,0.5,0.0,0.0,0.0,144.0
2025-08-27T15:03:05,7203,,3,2,2898.5,2899.0,2898.5,7700.0,5000.0,-0.5,0.2125984251968504,2898.696850393701,2897.1812064965197,,,,,54600.0,57800.0,-300.0,7700.0,0.5,0.0,0.0,0.0,144.0
2025-08-27T15:03:05,7203,,3,2,2898.5,2899.0,2898.5,7700.0,4400.0,-0.5,0.2727272727272727,2898.681818181818,2897.1812064965197,,,,,54600.0,57200.0,-300.0,8300.0,0.5,0.0,0.0,0.0,139.0
2025-08-27T15:03:06,7203,,3,2,2898.5,2899.0,2898.5,9300.0,3300.0,-0.5,0.47619047619047616,2898.6309523809523,2897.1812064965197,,,,,54600.0,56100.0,-300.0,9400.0,0.5,0.0,0.0,0.0,140.0
2025-08-27T15:03:06,7203,,3,2,2899.0,2899.0,2898.5,9300.0,3300.0,-0.5,0.47619047619047616,2898.6309523809523,2897.184576192682,,,,,54600.0,56100.0,-300.0,9400.0,0.5,0.0,0.0,0.0,139.0
2025-08-27T15:03:06,7203,,3,2,2899.0,2899.0,2898.5,8900.0,2900.0,-0.5,0.5084745762711864,2898.6228813559323,2897.187095282146,,,,,54600.0,55700.0,-300.0,9800.0,0.5,0.5,0.5,0.5,140.0
2025-08-27T15:03:06,7203,,3,2,2899.0,2899.0,2898.5,9300.0,2900.0,-0.5,0.5245901639344263,2898.6188524590166,2897.187095282146,,,,,54600.0,55800.0,-300.0,9800.0,0.5,0.0,0.5,0.5,140.0
2025-08-27T15:03:07,7203,,3,2,2899.0,2899.0,2898.5,9300.0,2900.0,-0.5,0.5245901639344263,2898.6188524590166,2897.187095282146,,,,,54600.0,55900.0,-300.0,9800.0,0.5,0.0,0.5,0.5,138.0
2025-08-27T15:03:08,7203,,3,2,2899.0,2899.0,2898.5,9300.0,3000.0,-0.5,0.5121951219512195,2898.621951219512,2897.187095282146,,,,,54600.0,56000.0,-300.0,9700.0,0.5,0.0,0.0,0.5,135.0
2025-08-27T15:03:08,7203,,3,2,2899.0,2899.0,2898.5,9500.0,3000.0,-0.5,0.52,2898.62,2897.187095282146,,,,,54600.0,56000.0,-300.0,9700.0,0.5,0.0,0.0,0.5,135.0
2025-08-27T15:03:09,7203,,3,2,2899.0,2899.0,2898.5,9500.0,3000.0,-0.5,0.52,2898.62,2897.187095282146,,,,,54600.0,56000.0,-300.0,9700.0,0.5,0.0,0.0,0.5,134.0
2025-08-27T15:03:09,7203,,3,2,2899.0,2899.0,2898.5,9500.0,3100.0,-0.5,0.5079365079365079,2898.623015873016,2897.187095282146,,,,,54600.0,56200.0,-300.0,9600.0,0.5,0.0,0.0,0.5,134.0
2025-08-27T15:03:09,7203,,3,2,2899.0,2899.0,2898.5,8500.0,4900.0,-0.5,0.26865671641791045,2898.6828358208954,2897.187095282146,,,,,54600.0,58000.0,-300.0,7800.0,0.5,0.0,0.0,0.0,134.0
2025-08-27T15:03:10,7203,,3,2,2899.0,2899.0,2898.5,7900.0,4900.0,-0.5,0.234375,2898.69140625,2897.187095282146,,,,,54600.0,58000.0,-300.0,7800.0,0.5,0.0,0.0,0.0,135.0
2025-08-27T15:03:10,7203,,3,2,2899.0,2899.0,2898.5,7900.0,4900.0,-0.5,0.234375,2898.69140625,2897.187095282146,,,,,54600.0,58000.0,-300.0,7800.0,0.5,0.0,0.0,0.0,135.0
2025-08-27T15:03:11,7203,,3,2,2899.0,2899.0,2898.5,8100.0,4900.0,-0.5,0.24615384615384617,2898.6884615384615,2897.187095282146,,,,,54600.0,58000.0,-300.0,7800.0,0.5,0.0,0.0,0.0,136.0
2025-08-27T15:03:16,7203,,3,2,2898.5,2899.0,2898.5,9500.0,3300.0,-0.5,0.484375,2898.62890625,2897.189519852262,,,,,54700.0,57400.0,-300.0,9400.0,0.5,0.0,0.0,0.0,135.0
2025-08-27T15:03:16,7203,,3,2,2898.5,2899.0,2898.5,9500.0,3300.0,-0.5,0.484375,2898.62890625,2897.189519852262,,,,,54700.0,57400.0,-300.0,9400.0,0.5,0.0,-0.5,-0.5,135.0
2025-08-27T15:03:17,7203,,3,2,2899.0,2899.0,2898.5,9500.0,3300.0,-0.5,0.484375,2898.62890625,2897.1920239741817,,,,,54700.0,57400.0,-300.0,9400.0,0.5,0.0,0.0,-0.5,135.0
2025-08-27T15:03:17,7203,,3,2,2898.5,2899.0,2898.5,9500.0,3300.0,-0.5,0.484375,2898.62890625,2897.1926267281106,,,,,54700.0,57400.0,-300.0,9400.0,0.5,0.5,0.5,0.0,135.0
2025-08-27T15:03:17,7203,,3,2,2898.5,2899.0,2898.5,9500.0,3300.0,-0.5,0.484375,2898.62890625,2897.1926267281106,,,,,54700.0,57400.0,-300.0,9400.0,0.5,0.0,0.0,-0.5,136.0
2025-08-27T15:03:18,7203,,3,2,2898.5,2899.0,2898.5,8200.0,4400.0,-0.5,0.30158730158730157,2898.6746031746034,2897.1926267281106,,,,,54700.0,58500.0,-300.0,8300.0,0.5,-0.5,0.0,-0.5,137.0
2025-08-27T15:03:18,7203,,3,2,2898.5,2899.0,2898.5,8200.0,4400.0,-0.5,0.30158730158730157,2898.6746031746034,2897.1926267281106,,,,,54700.0,58600.0,-300.0,8400.0,0.5,0.0,0.0,-0.5,136.0
2025-08-27T15:03:19,7203,,3,2,2898.5,2899.0,2898.5,8400.0,4400.0,-0.5,0.3125,2898.671875,2897.1926267281106,,,,,54700.0,58600.0,-300.0,8400.0,0.5,0.0,0.0,-0.5,134.0
2025-08-27T15:03:19,7203,,3,2,2898.5,2899.0,2898.5,9500.0,3200.0,-0.5,0.49606299212598426,2898.6259842519685,2897.1926267281106,,,,,54700.0,57400.0,-300.0,9600.0,0.5,0.0,0.0,-0.5,134.0
2025-08-27T15:03:20,7203,,3,2,2898.5,2899.0,2898.5,9600.0,3200.0,-0.5,0.5,2898.625,2897.1926267281106,,,,,54700.0,57400.0,-300.0,9600.0,0.5,0.0,0.0,0.0,134.0
2025-08-27T15:03:20,7203,,3,2,2898.5,2899.0,2898.5,10600.0,3200.0,-0.5,0.5362318840579711,2898.6159420289855,2897.1926267281106,,,,,54700.0,57400.0,-300.0,9600.0,0.5,0.0,0.0,0.0,134.0
2025-08-27T15:03:20,7203,,3,2,2898.5,2899.0,2898.5,10600.0,3400.0,-0.5,0.5142857142857142,2898.6214285714286,2897.1926267281106,,,,,54700.0,57600.0,-300.0,9400.0,0.5,0.0,0.0,-0.5,135.0
2025-08-27T15:03:21,7203,,3,2,2898.5,2899.0,2898.5,9600.0,3400.0,-0.5,0.47692307692307695,2898.630769230769,2897.1926267281106,,,,,54700.0,57600.0,-300.0,9400.0,0.5,0.0,0.0,0.0,134.0
2025-08-27T15:03:21,7203,,3,2,2898.5,2899.0,2898.5,9600.0,4900.0,-0.5,0.32413793103448274,2898.6689655172413,2897.1926267281106,,,,,54700.0,59100.0,-300.0,7900.0,0.5,0.0,0.0,0.0,134.0
2025-08-27T15:03:23,7203,,3,2,2898.5,2899.0,2898.5,9800.0,5100.0,-0.5,0.31543624161073824,2898.6711409395975,2897.1926267281106,,,,,54700.0,59300.0,-300.0,7700.0,0.5,0.0,0.0,0.0,133.0
2025-08-27T15:03:23,7203,,3,2,2898.5,2899.0,2898.5,9800.0,5100.0,-0.5,0.31543624161073824,2898.6711409395975,2897.1926267281106,,,,,54700.0,59300.0,-300.0,7700.0,0.5,0.0,0.0,0.0,133.0
2025-08-27T15:03:24,7203,,3,2,2898.5,2899.0,2898.5,8000.0,5000.0,-0.5,0.23076923076923078,2898.6923076923076,2897.1926267281106,,,,,54700.0,59200.0,-300.0,7800.0,0.5,0.0,0.0,0.0,132.0
2025-08-27T15:03:25,7203,,3,2,2899.0,2899.0,2898.5,8000.0,6000.0,-0.5,0.14285714285714285,2898.714285714286,2897.256888888889,,,,,54700.0,60200.0,-300.0,6800.0,0.5,0.0,0.0,0.0,128.0
2025-08-27T15:03:25,7203,,3,2,2899.0,2899.0,2898.5,8000.0,6000.0,-0.5,0.14285714285714285,2898.714285714286,2897.256888888889,,,,,54700.0,60200.0,-300.0,6800.0,0.5,0.5,0.5,0.5,129.0
2025-08-27T15:03:25,7203,,3,2,2899.0,2899.5,2899.0,3100.0,6900.0,-0.5,-0.38,2899.345,2897.256888888889,,,,,55700.0,60900.0,700.0,8800.0,0.5,0.0,0.5,0.5,130.0
2025-08-27T15:03:25,7203,,3,2,2899.5,2899.5,2899.0,3100.0,6900.0,-0.5,-0.38,2899.345,2897.257885384274,,,,,55700.0,60900.0,700.0,8800.0,0.5,0.0,0.5,0.5,131.0
2025-08-27T15:03:26,7203,,3,2,2899.5,2899.5,2899.0,2900.0,8300.0,-0.5,-0.48214285714285715,2899.370535714286,2897.257885384274,,,,,57100.0,62200.0,2100.0,7400.0,0.5,0.5,1.0,1.0,132.0
2025-08-27T15:03:26,7203,,3,2,2899.5,2899.5,2899.0,2900.0,8300.0,-0.5,-0.48214285714285715,2899.370535714286,2897.257885384274,,,,,57100.0,62200.0,2100.0,7400.0,0.5,0.0,0.5,1.0,132.0
2025-08-27T15:03:26,7203,,3,2,2899.5,2899.5,2899.0,2900.0,8000.0,-0.5,-0.46788990825688076,2899.3669724770643,2897.257885384274,,,,,57100.0,61900.0,2100.0,7700.0,0.5,0.0,0.5,1.0,130.0
2025-08-27T15:03:27,7203,,3,2,2899.0,2899.5,2899.0,2900.0,8000.0,-0.5,-0.46788990825688076,2899.3669724770643,2897.2586589698044,,,,,57100.0,61900.0,2100.0,7700.0,0.5,0.0,0.0,1.0,130.0
2025-08-27T15:03:27,7203,,3,2,2899.0,2899.5,2899.0,2900.0,6700.0,-0.5,-0.3958333333333333,2899.3489583333335,2897.2586589698044,,,,,56100.0,60800.0,3100.0,8000.0,0.5,-0.5,-0.5,0.5,131.0
2025-08-27T15:03:27,7203,,3,2,2899.0,2899.5,2899.0,2900.0,6700.0,-0.5,-0.3958333333333333,2899.3489583333335,2897.2586589698044,,,,,56100.0,60800.0,3100.0,8000.0,0.5,-0.5,-0.5,0.5,132.0
2025-08-27T15:03:27,7203,,3,2,2899.0,2899.5,2899.0,2900.0,6700.0,-0.5,-0.3958333333333333,2899.3489583333335,2897.2586589698044,,,,,56100.0,60800.0,3100.0,8000.0,0.5,0.0,-0.5,0.5,133.0
2025-08-27T15:03:27,7203,,3,2,2899.0,2899.5,2899.0,2900.0,6700.0,-0.5,-0.3958333333333333,2899.3489583333335,2897.2594318686197,,,,,56100.0,60800.0,3100.0,8000.0,0.5,0.0,-0.5,0.5,133.0
2025-08-27T15:03:28,7203,,3,2,2899.0,2899.5,2899.0,7800.0,1500.0,-0.5,0.6774193548387096,2899.0806451612902,2897.2594318686197,,,,,56100.0,55700.0,3100.0,13200.0,0.5,0.0,-0.5,0.5,134.0
2025-08-27T15:03:28,7203,,3,2,2899.0,2899.5,2899.0,7800.0,1900.0,-0.5,0.6082474226804123,2899.09793814433,2897.2594318686197,,,,,56100.0,56100.0,3100.0,12800.0,0.5,0.0,0.0,0.0,134.0
2025-08-27T15:03:29,7203,,3,2,2899.0,2899.5,2899.0,7800.0,1900.0,-0.5,0.6082474226804123,2899.09793814433,2897.2594318686197,,,,,56100.0,56100.0,3100.0,12800.0,0.5,0.0,0.0,-0.5,134.0
2025-08-27T15:03:29,7203,,3,2,2899.0,2899.5,2899.0,4800.0,3700.0,-0.5,0.12941176470588237,2899.2176470588233,2897.2594318686197,,,,,56100.0,57900.0,3100.0,11000.0,0.5,0.0,0.0,-0.5,134.0
2025-08-27T15:03:30,7203,,3,2,2899.0,2899.5,2899.0,4800.0,3700.0,-0.5,0.12941176470588237,2899.2176470588233,2897.2594318686197,,,,,56100.0,57900.0,3100.0,10900.0,0.5,0.0,0.0,-0.5,131.0
2025-08-27T15:03:30,7203,,3,2,2899.0,2899.5,2899.0,4800.0,3800.0,-0.5,0.11627906976744186,2899.220930232558,2897.2594318686197,,,,,56100.0,58100.0,3100.0,10900.0,0.5,0.0,0.0,0.0,130.0
2025-08-27T15:03:30,7203,,3,2,2899.0,2899.5,2899.0,4800.0,3700.0,-0.5,0.12941176470588237,2899.2176470588233,2897.2594318686197,,,,,56100.0,58000.0,3100.0,11000.0,0.5,0.0,0.0,0.0,129.0
2025-08-27T15:03:31,7203,,3,2,2899.0,2899.5,2899.0,4800.0,3700.0,-0.5,0.12941176470588237,2899.2176470588233,2897.2594318686197,,,,,56100.0,58000.0,3100.0,11000.0,0.5,0.0,0.0,0.0,128.0
2025-08-27T15:03:31,7203,,3,2,2899.0,2899.5,2899.0,4700.0,3700.0,-0.5,0.11904761904761904,2899.220238095238,2897.2594318686197,,,,,56100.0,58000.0,3100.0,11000.0,0.5,0.0,0.0,0.0,128.0
2025-08-27T15:03:32,7203,,3,2,2899.0,2899.5,2899.0,4900.0,3800.0,-0.5,0.12643678160919541,2899.2183908045977,2897.2594318686197,,,,,56100.0,58400.0,3100.0,10900.0,0.5,0.0,0.0,0.0,127.0
2025-08-27T15:03:33,7203,,3,2,2899.0,2899.5,2899.0,4900.0,3800.0,-0.5,0.12643678160919541,2899.2183908045977,2897.2594318686197,,,,,56100.0,58400.0,3100.0,10900.0,0.5,0.0,0.0,0.0,126.0
2025-08-27T15:03:33,7203,,3,2,2899.0,2899.5,2899.0,4900.0,3800.0,-0.5,0.12643678160919541,2899.2183908045977,2897.2594318686197,,,,,56100.0,58400.0,3100.0,10900.0,0.5,0.0,0.0,0.0,126.0
2025-08-27T15:03:33,7203,,3,2,2899.0,2899.5,2899.0,4900.0,3800.0,-0.5,0.12643678160919541,2899.2183908045977,2897.2709435626102,,,,,56100.0,58400.0,3100.0,10900.0,0.5,0.0,0.0,0.0,126.0
2025-08-27T15:03:34,7203,,3,2,2899.0,2899.0,2898.5,1700.0,5000.0,-0.5,-0.4925373134328358,2898.873134328358,2897.2709435626102,,,,,55100.0,57800.0,-300.0,7400.0,0.5,0.0,0.0,0.0,127.0
2025-08-27T15:03:34,7203,,3,2,2899.0,2899.0,2898.5,1700.0,5000.0,-0.5,-0.4925373134328358,2898.873134328358,2897.2732276530164,,,,,55100.0,57800.0,-300.0,7400.0,0.5,0.0,0.0,0.0,128.0
2025-08-27T15:03:34,7203,,3,2,2899.0,2899.0,2898.5,4400.0,4100.0,-0.5,0.03529411764705882,2898.741176470588,2897.2732276530164,,,,,54100.0,57500.0,-300.0,8900.0,0.5,0.0,0.0,0.0,128.0
2025-08-27T15:03:34,7203,,3,2,2899.0,2899.0,2898.5,4400.0,3500.0,-0.5,0.11392405063291139,2898.721518987342,2897.2732276530164,,,,,54100.0,56900.0,-300.0,9500.0,0.5,0.0,0.0,0.0,128.0
2025-08-27T15:03:35,7203,,3,2,2899.0,2899.0,2898.5,7400.0,3500.0,-0.5,0.3577981651376147,2898.6605504587155,2897.2732276530164,,,,,55100.0,56900.0,700.0,9500.0,0.5,0.0,0.0,0.0,128.0
2025-08-27T15:03:35,7203,,3,2,2899.0,2899.0,2898.5,7500.0,3500.0,-0.5,0.36363636363636365,2898.659090909091,2897.2732276530164,,,,,55100.0,56900.0,700.0,9500.0,0.5,0.0,0.0,0.0,128.0
2025-08-27T15:03:35,7203,,3,2,2899.0,2899.0,2898.5,7500.0,3500.0,-0.5,0.36363636363636365,2898.659090909091,2897.274747030356,,,,,55100.0,56900.0,700.0,9500.0,0.5,0.0,0.0,0.0,129.0
2025-08-27T15:03:36,7203,,3,2,2899.0,2899.0,2898.5,7300.0,3400.0,-0.5,0.3644859813084112,2898.658878504673,2897.274747030356,,,,,55100.0,56900.0,700.0,9600.0,0.5,0.0,0.0,0.0,129.0
2025-08-27T15:03:37,7203,,3,2,2899.0,2899.0,2898.5,7300.0,3400.0,-0.5,0.3644859813084112,2898.658878504673,2897.274747030356,,,,,55100.0,57000.0,700.0,9600.0,0.5,0.0,0.0,0.0,129.0
2025-08-27T15:03:37,7203,,3,2,2899.0,2899.0,2898.5,7600.0,3500.0,-0.5,0.36936936936936937,2898.6576576576576,2897.274747030356,,,,,55100.0,57100.0,700.0,9500.0,0.5,0.0,0.0,0.0,129.0
2025-08-27T15:03:38,7203,,3,2,2899.0,2899.0,2898.5,7700.0,3500.0,-0.5,0.375,2898.65625,2897.274747030356,,,,,55100.0,57100.0,700.0,9500.0,0.5,0.0,0.0,0.0,128.0
2025-08-27T15:03:38,7203,,3,2,2899.0,2899.0,2898.5,7700.0,3500.0,-0.5,0.375,2898.65625,2897.274747030356,,,,,55100.0,57100.0,700.0,9500.0,0.5,0.0,0.0,0.0,128.0
2025-08-27T15:03:39,7203,,3,2,2899.0,2899.0,2898.5,7700.0,3500.0,-0.5,0.375,2898.65625,2897.274747030356,,,,,55100.0,57200.0,700.0,9500.0,0.5,0.0,0.0,0.0,128.0
2025-08-27T15:03:39,7203,,3,2,2899.0,2899.0,2898.5,4800.0,5300.0,-0.5,-0.04950495049504951,2898.762376237624,2897.274747030356,,,,,55500.0,59000.0,700.0,7700.0,0.5,0.0,0.0,0.0,127.0
2025-08-27T15:03:40,7203,,3,2,2899.0,2899.0,2898.5,7700.0,3600.0,-0.5,0.36283185840707965,2898.6592920353983,2897.274747030356,,,,,55500.0,57300.0,700.0,9400.0,0.5,0.0,0.0,0.0,128.0
2025-08-27T15:03:40,7203,,3,2,2899.0,2899.0,2898.5,7600.0,3600.0,-0.5,0.35714285714285715,2898.660714285714,2897.274747030356,,,,,55500.0,57300.0,700.0,9400.0,0.5,0.0,0.0,0.0,128.0
2025-08-27T15:03:41,7203,,3,2,2899.0,2899.0,2898.5,7800.0,3600.0,-0.5,0.3684210526315789,2898.657894736842,2897.274747030356,,,,,55500.0,57300.0,700.0,9400.0,0.5,0.0,0.0,0.0,129.0
2025-08-27T15:03:41,7203,,3,2,2899.0,2899.0,2898.5,7800.0,3600.0,-0.5,0.3684210526315789,2898.657894736842,2897.277021089631,,,,,55500.0,57300.0,700.0,9400.0,0.5,0.0,0.0,0.0,130.0
2025-08-27T15:03:41,7203,,3,2,2899.0,2899.0,2898.5,4600.0,4900.0,-0.5,-0.031578947368421054,2898.757894736842,2897.277021089631,,,,,55500.0,58600.0,700.0,8100.0,0.5,0.0,0.0,0.0,131.0
2025-08-27T15:03:41,7203,,3,2,2899.0,2899.0,2898.5,4500.0,3500.0,-0.5,0.125,2898.71875,2897.277021089631,,,,,55500.0,57200.0,700.0,9500.0,0.5,0.0,0.0,0.0,131.0
2025-08-27T15:03:42,7203,,3,2,2899.0,2899.0,2898.5,7400.0,3500.0,-0.5,0.3577981651376147,2898.6605504587155,2897.277021089631,,,,,55500.0,57200.0,700.0,9500.0,0.5,0.0,0.0,0.0,131.0
2025-08-27T15:03:42,7203,,3,2,2899.0,2899.0,2898.5,7300.0,3500.0,-0.5,0.35185185185185186,2898.662037037037,2897.277021089631,,,,,55500.0,57200.0,700.0,9500.0,0.5,0.0,0.0,0.0,130.0
2025-08-27T15:03:43,7203,,3,2,2899.0,2899.0,2898.5,7400.0,3500.0,-0.5,0.3577981651376147,2898.6605504587155,2897.277021089631,,,,,55500.0,57200.0,700.0,9500.0,0.5,0.0,0.0,0.0,130.0
2025-08-27T15:03:43,7203,,3,2,2899.0,2899.0,2898.5,7500.0,3500.0,-0.5,0.36363636363636365,2898.659090909091,2897.277021089631,,,,,55500.0,57200.0,700.0,9500.0,0.5,0.0,0.0,0.0,130.0
2025-08-27T15:03:44,7203,,3,2,2899.0,2899.0,2898.5,7600.0,3500.0,-0.5,0.36936936936936937,2898.6576576576576,2897.277021089631,,,,,55500.0,57200.0,700.0,9500.0,0.5,0.0,0.0,0.0,131.0
2025-08-27T15:03:45,7203,,3,2,2898.5,2899.0,2898.5,7900.0,3500.0,-0.5,0.38596491228070173,2898.65350877193,2897.2955430549546,,,,,55500.0,57200.0,700.0,9500.0,0.5,0.0,0.0,0.0,129.0
2025-08-27T15:03:45,7203,,3,2,2898.5,2899.0,2898.5,7900.0,3500.0,-0.5,0.38596491228070173,2898.65350877193,2897.296064013841,,,,,55500.0,57200.0,700.0,9500.0,0.5,-0.5,-0.5,-0.5,130.0
2025-08-27T15:03:45,7203,,3,2,2898.5,2899.0,2898.5,7900.0,3500.0,-0.5,0.38596491228070173,2898.65350877193,2897.2965845222657,,,,,55500.0,57200.0,700.0,9500.0,0.5,-0.5,-0.5,-0.5,130.0
2025-08-27T15:03:45,7203,,3,2,2898.5,2899.0,2898.5,5900.0,700.0,-0.5,0.7878787878787878,2898.5530303030305,2897.2965845222657,,,,,55500.0,53900.0,700.0,12300.0,0.5,0.0,-0.5,-0.5,131.0
2025-08-27T15:03:46,7203,,3,2,2898.5,2899.0,2898.5,5900.0,800.0,-0.5,0.7611940298507462,2898.5597014925374,2897.2965845222657,,,,,56500.0,54100.0,-300.0,12200.0,0.5,0.0,-0.5,-0.5,130.0
2025-08-27T15:03:46,7203,,3,2,2898.5,2899.0,2898.5,5700.0,800.0,-0.5,0.7538461538461538,2898.5615384615385,2897.2965845222657,,,,,56500.0,54100.0,-300.0,12200.0,0.5,0.0,0.0,-0.5,130.0
2025-08-27T15:03:46,7203,,3,2,2898.5,2899.0,2898.5,5700.0,900.0,-0.5,0.7272727272727273,2898.568181818182,2897.2965845222657,,,,,56500.0,54200.0,-300.0,12100.0,0.5,0.0,0.0,-0.5,131.0
2025-08-27T15:03:47,7203,,3,2,2898.5,2899.0,2898.5,5700.0,900.0,-0.5,0.7272727272727273,2898.568181818182,2897.2965845222657,,,,,56500.0,54200.0,-300.0,12100.0,0.5,0.0,0.0,-0.5,131.0
2025-08-27T15:03:48,7203,,3,2,2898.5,2899.0,2898.5,5800.0,1000.0,-0.5,0.7058823529411765,2898.573529411765,2897.2965845222657,,,,,56500.0,54300.0,-300.0,12000.0,0.5,0.0,0.0,0.0,132.0
2025-08-27T15:03:48,7203,,3,2,2898.5,2899.0,2898.5,5900.0,1000.0,-0.5,0.7101449275362319,2898.572463768116,2897.2965845222657,,,,,56500.0,54800.0,-300.0,12000.0,0.5,0.0,0.0,0.0,133.0
2025-08-27T15:03:50,7203,,3,2,2898.5,2899.0,2898.5,5900.0,1000.0,-0.5,0.7101449275362319,2898.572463768116,2897.2965845222657,,,,,56500.0,54800.0,-300.0,12000.0,0.5,0.0,0.0,0.0,131.0
2025-08-27T15:03:50,7203,,3,2,2898.5,2899.0,2898.5,5900.0,1000.0,-0.5,0.7101449275362319,2898.572463768116,2897.2965845222657,,,,,56500.0,54800.0,-300.0,12000.0,0.5,0.0,0.0,0.0,132.0
2025-08-27T15:03:50,7203,,3,2,2898.5,2899.0,2898.5,5900.0,1100.0,-0.5,0.6857142857142857,2898.5785714285716,2897.2965845222657,,,,,56500.0,54900.0,-300.0,11900.0,0.5,0.0,0.0,0.0,132.0
2025-08-27T15:03:51,7203,,3,2,2898.5,2899.0,2898.5,5900.0,1100.0,-0.5,0.6857142857142857,2898.5785714285716,2897.2965845222657,,,,,56500.0,54900.0,-300.0,11900.0,0.5,0.0,0.0,0.0,132.0
2025-08-27T15:03:51,7203,,3,2,2898.5,2899.0,2898.5,6100.0,900.0,-0.5,0.7428571428571429,2898.5642857142857,2897.2965845222657,,,,,56500.0,54700.0,-300.0,12100.0,0.5,0.0,0.0,0.0,132.0
2025-08-27T15:03:52,7203,,3,2,2898.5,2899.0,2898.5,6100.0,900.0,-0.5,0.7428571428571429,2898.5642857142857,2897.2965845222657,,,,,56500.0,55700.0,-300.0,12100.0,0.5,0.0,0.0,0.0,132.0
2025-08-27T15:03:52,7203,,3,2,2899.0,2899.0,2898.5,6100.0,900.0,-0.5,0.7428571428571429,2898.5642857142857,2897.323404255319,,,,,56500.0,55700.0,-300.0,12100.0,0.5,0.0,0.0,0.0,132.0
2025-08-27T15:03:52,7203,,3,2,2899.0,2899.0,2898.5,1500.0,10200.0,-0.5,-0.7435897435897436,2898.9358974358975,2897.324117396852,,,,,56500.0,65400.0,-300.0,2800.0,0.5,0.5,0.5,0.5,132.0
2025-08-27T15:03:53,7203,,3,2,2899.0,2899.0,2898.5,1500.0,10100.0,-0.5,-0.7413793103448276,2898.935344827586,2897.324117396852,,,,,56500.0,65400.0,-300.0,2900.0,0.5,0.0,0.5,0.5,132.0
2025-08-27T15:03:54,7203,,3,2,2899.0,2899.0,2898.5,1500.0,10000.0,-0.5,-0.7391304347826086,2898.9347826086955,2897.324117396852,,,,,56500.0,65300.0,-300.0,3000.0,0.5,0.0,0.0,0.5,132.0
2025-08-27T15:03:54,7203,,3,2,2899.0,2899.0,2898.5,1500.0,10000.0,-0.5,-0.7391304347826086,2898.9347826086955,2897.324117396852,,,,,56500.0,65300.0,-300.0,3000.0,0.5,0.0,0.0,0.5,132.0
2025-08-27T15:03:55,7203,,3,2,2899.0,2899.0,2898.5,1500.0,10000.0,-0.5,-0.7391304347826086,2898.9347826086955,2897.324829931973,,,,,56500.0,65300.0,-300.0,3000.0,0.5,0.0,0.0,0.0,129.0
2025-08-27T15:03:55,7203,,3,2,2899.0,2899.0,2898.5,1300.0,11100.0,-0.5,-0.7903225806451613,2898.9475806451615,2897.324829931973,,,,,56500.0,66400.0,-300.0,1900.0,0.5,0.0,0.0,0.0,129.0
2025-08-27T15:03:56,7203,,3,2,2899.0,2899.0,2898.5,1300.0,11100.0,-0.5,-0.7903225806451613,2898.9475806451615,2897.3262531860664,,,,,56500.0,66400.0,-300.0,1900.0,0.5,0.0,0.0,0.0,128.0
2025-08-27T15:03:56,7203,,3,2,2899.0,2899.0,2898.5,1100.0,11000.0,-0.5,-0.8181818181818182,2898.9545454545455,2897.3262531860664,,,,,56500.0,66300.0,-300.0,2000.0,0.5,0.0,0.0,0.0,128.0
2025-08-27T15:03:56,7203,,3,2,2899.0,2899.0,2898.5,1100.0,11000.0,-0.5,-0.8181818181818182,2898.9545454545455,2897.3262531860664,,,,,56500.0,66400.0,-300.0,2000.0,0.5,0.0,0.0,0.0,129.0
2025-08-27T15:03:56,7203,,3,2,2899.0,2899.0,2898.5,1500.0,11100.0,-0.5,-0.7619047619047619,2898.940476190476,2897.3262531860664,,,,,56500.0,66500.0,-300.0,1900.0,0.5,0.0,0.0,0.0,129.0
2025-08-27T15:03:58,7203,,3,2,2899.0,2899.0,2898.5,1500.0,11100.0,-0.5,-0.7619047619047619,2898.940476190476,2897.3262531860664,,,,,56500.0,66500.0,-300.0,1900.0,0.5,0.0,0.0,0.0,126.0
2025-08-27T15:03:58,7203,,3,2,2899.0,2899.0,2898.5,1500.0,11100.0,-0.5,-0.7619047619047619,2898.940476190476,2897.3262531860664,,,,,56500.0,66600.0,-300.0,2000.0,0.5,0.0,0.0,0.0,127.0
2025-08-27T15:03:59,7203,,3,2,2899.0,2899.0,2898.5,2800.0,10800.0,-0.5,-0.5882352941176471,2898.8970588235293,2897.3262531860664,,,,,56500.0,66300.0,-300.0,2300.0,0.5,0.0,0.0,0.0,126.0
2025-08-27T15:03:59,7203,,3,2,2899.0,2899.0,2898.5,2800.0,10800.0,-0.5,-0.5882352941176471,2898.8970588235293,2897.3262531860664,,,,,56500.0,66300.0,-300.0,2300.0,0.5,0.0,0.0,0.0,125.0
2025-08-27T15:04:00,7203,,3,2,2899.5,2899.5,2899.0,6100.0,600.0,-0.5,0.8208955223880597,2899.044776119403,2897.3616798997073,,,,,56500.0,57100.0,2500.0,14600.0,0.5,0.0,0.0,0.0,125.0
2025-08-27T15:04:00,7203,,3,2,2899.5,2899.5,2899.0,6100.0,600.0,-0.5,0.8208955223880597,2899.044776119403,2897.3616798997073,,,,,56500.0,57100.0,2500.0,14600.0,0.5,0.5,0.5,0.5,126.0
2025-08-27T15:04:00,7203,,3,2,2899.5,2899.5,2899.0,8300.0,1400.0,-0.5,0.711340206185567,2899.0721649484535,2897.3616798997073,,,,,56500.0,57600.0,3500.0,13800.0,0.5,0.0,0.5,0.5,126.0
2025-08-27T15:04:00,7203,,3,2,2899.5,2899.5,2899.0,7300.0,1400.0,-0.5,0.6781609195402298,2899.080459770115,2897.3616798997073,,,,,56500.0,57600.0,3500.0,13800.0,0.5,0.0,0.5,0.5,127.0
2025-08-27T15:04:01,7203,,3,2,2899.5,2899.5,2899.0,8000.0,1500.0,-0.5,0.6842105263157895,2899.0789473684213,2897.3616798997073,,,,,55500.0,57600.0,4500.0,13700.0,0.5,0.0,0.0,0.5,128.0
2025-08-27T15:04:01,7203,,3,2,2899.5,2899.5,2899.0,8000.0,1600.0,-0.5,0.6666666666666666,2899.0833333333335,2897.3616798997073,,,,,55500.0,57700.0,4500.0,13600.0,0.5,0.0,0.0,0.5,128.0
2025-08-27T15:04:02,7203,,3,2,2899.5,2899.5,2899.0,8000.0,1700.0,-0.5,0.6494845360824743,2899.0876288659792,2897.3616798997073,,,,,55500.0,57800.0,4500.0,13500.0,0.5,0.0,0.0,0.5,127.0
2025-08-27T15:04:02,7203,,3,2,2899.5,2899.5,2899.0,7700.0,4500.0,-0.5,0.26229508196721313,2899.184426229508,2897.3616798997073,,,,,55500.0,60600.0,4500.0,10700.0,0.5,0.0,0.0,0.5,127.0
2025-08-27T15:04:02,7203,,3,2,2899.5,2899.5,2899.0,7700.0,4500.0,-0.5,0.26229508196721313,2899.184426229508,2897.3616798997073,,,,,55500.0,61100.0,4500.0,10700.0,0.5,0.0,0.0,0.5,127.0
2025-08-27T15:04:03,7203,,3,2,2899.5,2899.5,2899.0,7900.0,1800.0,-0.5,0.6288659793814433,2899.092783505155,2897.3616798997073,,,,,55500.0,58400.0,4500.0,13400.0,0.5,0.0,0.0,0.0,126.0
2025-08-27T15:04:04,7203,,3,2,2899.5,2899.5,2899.0,8100.0,1800.0,-0.5,0.6363636363636364,2899.090909090909,2897.3616798997073,,,,,55500.0,58400.0,4500.0,13400.0,0.5,0.0,0.0,0.0,125.0
2025-08-27T15:04:04,7203,,3,2,2899.5,2899.5,2899.0,8100.0,1900.0,-0.5,0.62,2899.095,2897.3616798997073,,,,,55500.0,58500.0,4500.0,12800.0,0.5,0.0,0.0,0.0,125.0
2025-08-27T15:04:05,7203,,3,2,2899.5,2899.5,2899.0,8100.0,1600.0,-0.5,0.6701030927835051,2899.082474226804,2897.3616798997073,,,,,55500.0,58200.0,4500.0,13100.0,0.5,0.0,0.0,0.0,125.0
2025-08-27T15:04:05,7203,,3,2,2899.5,2899.5,2899.0,8100.0,1700.0,-0.5,0.6530612244897959,2899.0867346938776,2897.3616798997073,,,,,55500.0,58300.0,4500.0,13000.0,0.5,0.0,0.0,0.0,126.0
2025-08-27T15:04:06,7203,,3,2,2899.5,2899.5,2899.0,9400.0,1000.0,-0.5,0.8076923076923077,2899.048076923077,2897.3616798997073,,,,,55500.0,57500.0,4500.0,13700.0,0.5,0.0,0.0,0.0,126.0
2025-08-27T15:04:06,7203,,3,2,2899.5,2899.5,2899.0,9400.0,1100.0,-0.5,0.7904761904761904,2899.052380952381,2897.3616798997073,,,,,55500.0,57700.0,4500.0,13600.0,0.5,0.0,0.0,0.0,126.0
2025-08-27T15:04:07,7203,,3,2,2899.5,2899.5,2899.0,9400.0,1100.0,-0.5,0.7904761904761904,2899.052380952381,2897.3616798997073,,,,,55500.0,57700.0,4500.0,13600.0,0.5,0.0,0.0,0.0,124.0
2025-08-27T15:04:07,7203,,3,2,2899.5,2899.5,2899.0,9400.0,1100.0,-0.5,0.7904761904761904,2899.052380952381,2897.3616798997073,,,,,55500.0,57700.0,4500.0,13600.0,0.5,0.0,0.0,0.0,124.0
2025-08-27T15:04:08,7203,,3,2,2899.5,2899.5,2899.0,9300.0,1700.0,-0.5,0.6909090909090909,2899.077272727273,2897.3616798997073,,,,,55500.0,61300.0,4500.0,13000.0,0.5,0.0,0.0,0.0,125.0
2025-08-27T15:04:08,7203,,3,2,2899.5,2899.5,2899.0,15800.0,1700.0,-0.5,0.8057142857142857,2899.0485714285714,2897.3616798997073,,,,,55500.0,61200.0,4500.0,13000.0,0.5,0.0,0.0,0.0,125.0
2025-08-27T15:04:08,7203,,3,2,2899.5,2899.5,2899.0,15800.0,1700.0,-0.5,0.8057142857142857,2899.0485714285714,2897.3625730994154,,,,,55500.0,61200.0,4500.0,13000.0,0.5,0.0,0.0,0.0,125.0
2025-08-27T15:04:08,7203,,3,2,2899.5,2899.5,2899.0,15700.0,1900.0,-0.5,0.7840909090909091,2899.0539772727275,2897.3625730994154,,,,,55500.0,61500.0,4500.0,12800.0,0.5,0.0,0.0,0.0,126.0
2025-08-27T15:04:09,7203,,3,2,2899.5,2899.5,2899.0,15700.0,1900.0,-0.5,0.7840909090909091,2899.0539772727275,2897.3625730994154,,,,,55500.0,61500.0,4500.0,12800.0,0.5,0.0,0.0,0.0,125.0
2025-08-27T15:04:09,7203,,3,2,2899.5,2899.5,2899.0,15700.0,1900.0,-0.5,0.7840909090909091,2899.0539772727275,2897.3625730994154,,,,,55500.0,61700.0,4500.0,12800.0,0.5,0.0,0.0,0.0,125.0
2025-08-27T15:04:10,7203,,3,2,2899.5,2899.5,2899.0,15700.0,1200.0,-0.5,0.8579881656804734,2899.03550295858,2897.3625730994154,,,,,55500.0,60900.0,4500.0,13500.0,0.5,0.0,0.0,0.0,126.0
2025-08-27T15:04:10,7203,,3,2,2899.5,2899.5,2899.0,15700.0,1800.0,-0.5,0.7942857142857143,2899.0514285714285,2897.3625730994154,,,,,55500.0,61600.0,4500.0,12900.0,0.5,0.0,0.0,0.0,126.0
2025-08-27T15:04:10,7203,,3,2,2899.5,2899.5,2899.0,15700.0,1800.0,-0.5,0.7942857142857143,2899.0514285714285,2897.370578443612,,,,,55500.0,61600.0,4500.0,12900.0,0.5,0.0,0.0,0.0,126.0
2025-08-27T15:04:10,7203,,3,2,2899.5,2899.5,2899.0,15700.0,1800.0,-0.5,0.7942857142857143,2899.0514285714285,2897.3723492723493,,,,,55500.0,61600.0,4500.0,12900.0,0.5,0.0,0.0,0.0,127.0
2025-08-27T15:04:11,7203,,3,2,2899.5,2899.5,2899.0,13300.0,3700.0,-0.5,0.5647058823529412,2899.108823529412,2897.3723492723493,,,,,55700.0,63500.0,4500.0,11000.0,0.5,0.0,0.0,0.0,128.0
2025-08-27T15:04:11,7203,,3,2,2899.0,2899.5,2899.0,13300.0,3700.0,-0.5,0.5647058823529412,2899.108823529412,2897.3730257689112,,,,,55700.0,63500.0,4500.0,11000.0,0.5,0.0,0.0,0.0,128.0
2025-08-27T15:04:11,7203,,3,2,2899.0,2899.5,2899.0,13300.0,3700.0,-0.5,0.5647058823529412,2899.108823529412,2897.380430285478,,,,,55700.0,63500.0,4500.0,11000.0,0.5,-0.5,-0.5,-0.5,129.0
2025-08-27T15:04:11,7203,,3,2,2899.0,2899.5,2899.0,16600.0,100.0,-0.5,0.9880239520958084,2899.002994011976,2897.3817693261676,,,,,56300.0,57400.0,4500.0,14600.0,0.5,-0.5,-0.5,-0.5,130.0
2025-08-27T15:04:11,7203,,3,2,2899.0,2899.5,2899.0,16600.0,100.0,-0.5,0.9880239520958084,2899.002994011976,2897.3817693261676,,,,,56300.0,57400.0,4500.0,14600.0,0.5,-0.5,-0.5,-0.5,131.0
2025-08-27T15:04:11,7203,,3,2,2899.0,2899.5,2899.0,16800.0,300.0,-0.5,0.9649122807017544,2899.0087719298244,2897.3817693261676,,,,,56200.0,57800.0,4500.0,14400.0,0.5,0.0,-0.5,-0.5,132.0
2025-08-27T15:04:17,7203,,3,2,2899.0,2899.5,2899.0,19900.0,300.0,-0.5,0.9702970297029703,2899.0074257425745,2897.3837737407102,,,,,57100.0,51800.0,3500.0,14400.0,0.5,0.0,0.0,0.0,131.0
2025-08-27T15:04:17,7203,,3,2,2899.0,2899.5,2899.0,20000.0,300.0,-0.5,0.9704433497536946,2899.0073891625616,2897.3837737407102,,,,,57100.0,53800.0,3500.0,14400.0,0.5,0.0,0.0,0.0,131.0
2025-08-27T15:04:18,7203,,3,2,2899.0,2899.5,2899.0,20000.0,300.0,-0.5,0.9704433497536946,2899.0073891625616,2897.3837737407102,,,,,57100.0,54100.0,3500.0,14400.0,0.5,0.0,0.0,0.0,129.0
2025-08-27T15:04:18,7203,,3,2,2899.0,2899.5,2899.0,23700.0,400.0,-0.5,0.966804979253112,2899.008298755187,2897.3837737407102,,,,,57100.0,52200.0,3500.0,14300.0,0.5,0.0,0.0,0.0,129.0
2025-08-27T15:04:18,7203,,3,2,2899.5,2899.5,2899.0,23300.0,800.0,-0.5,0.9336099585062241,2899.0165975103732,2897.384647131655,,,,,57100.0,52700.0,3500.0,14000.0,0.5,0.0,0.0,0.0,130.0
2025-08-27T15:04:19,7203,,3,2,2899.5,2899.5,2899.0,23300.0,800.0,-0.5,0.9336099585062241,2899.0165975103732,2897.384647131655,,,,,57100.0,52700.0,3500.0,14000.0,0.5,0.5,0.5,0.5,131.0
2025-08-27T15:04:19,7203,,3,2,2899.0,2899.5,2899.0,22300.0,1100.0,-0.5,0.905982905982906,2899.0235042735044,2897.387309435517,,,,,57900.0,53000.0,3500.0,13700.0,0.5,0.0,0.5,0.5,131.0
2025-08-27T15:04:19,7203,,3,2,2899.0,2899.5,2899.0,22300.0,1100.0,-0.5,0.905982905982906,2899.0235042735044,2897.387309435517,,,,,57900.0,53000.0,3500.0,13700.0,0.5,-0.5,0.0,0.0,132.0
2025-08-27T15:04:19,7203,,3,2,2899.0,2899.5,2899.0,22300.0,1100.0,-0.5,0.905982905982906,2899.0235042735044,2897.387309435517,,,,,57900.0,52800.0,3500.0,13700.0,0.5,0.0,0.0,0.0,132.0
2025-08-27T15:04:20,7203,,3,2,2899.0,2899.5,2899.0,22300.0,800.0,-0.5,0.9307359307359307,2899.017316017316,2897.387309435517,,,,,57900.0,52500.0,3500.0,14000.0,0.5,0.0,-0.5,0.0,132.0
